84855152400	81.27979274611398
84855152460	72.60990712074303
84855152520	85.50553505535055
84855152580	83.29809358752166
84855152640	88.28729281767956
84855152700	90.93491124260355
84855152760	72.3198127925117
84855152820	74.65555555555555
84855152880	81.03281519861831
84855152940	77.35864297253634
84855153000	84.79120879120879
84855153060	84.02536231884058
84855153120	75.72300469483568
84855153180	91.54032258064517
84855153240	79.07920792079207
84855153300	72.16795069337442
84855153360	111.96744186046512
84855153420	117.61855670103093
84855153480	112.23488372093023
84855153540	106.63019693654267
84855153600	101.54923413566739
84855153660	110.29512195121951
84855153720	100.09850107066381
84855153780	100.38012958963283
84855153840	84.59929701230229
84855153900	85.90395480225989
84855153960	80.98469387755102
84855154020	88.04
84855154080	90.47834274952919
84855154140	74.24878048780488
84855154200	76.68078175895765
84855154260	80.24
84855154320	77.96061643835617
84855154380	85.58906525573192
84855154440	76.8913043478261
84855154500	80.29411764705883
84855154560	81.89342806394316
84855154620	93.95833333333333
84855154680	78.49748743718592
84855154740	78.87118644067796
84855154800	72.42378048780488
84855154860	79.3304940374787
84855154920	83.43262411347517
84855154980	76.00324675324676
84855155040	84.91872791519435
84855155100	84.32604735883424
84855155160	83.10106382978724
84855155220	81.62134251290878
84855155280	85.35831809872029
84855155340	91.18147448015122
84855155400	79.58098591549296
84855155460	87.12477718360071
84855155520	78.37925170068027
84855155580	73.21111111111111
84855155640	84.59172661870504
84855155700	79.44939965694682
84855155760	81.71477079796264
84855155820	69.78508771929825
84855155880	76.87162162162163
84855155940	82.73472949389179
84855156000	71.97829457364341
84855156060	78.17529215358931
84855156120	83.27670753064798
84855156180	87.02611940298507
84855156240	78.86920529801324
84855156300	83.64505119453925
84855156360	89.00592885375494
84855156420	74.08044164037855
84855156480	82.88969258589512
84855156540	81.03691275167785
84855156600	97.957805907173
84855156660	89.43283582089552
84855156720	82.47576301615798
84855156780	73.62539682539682
84855156840	72.1048632218845
84855156900	82.57793345008757
84855156960	85.79500891265597
84855157020	80.57473309608541
84855157080	78.16065573770491
84855157140	80.97118644067797
84855157200	81.44165170556553
84855157260	84.44709897610922
84855157320	93.54432989690721
84855157380	76.71356783919597
84855157440	76.94184168012924
84855157500	78.30602006688963
84855157560	80.39322033898306
84855157620	79.60068259385666
84855157680	76.67536704730831
84855157740	80.75255972696246
84855157800	80.42807625649914
84855157860	86.28205128205128
84855157920	74.21840873634946
84855157980	83.39059674502712
84855158040	82.04444444444445
84855158100	78.05192629815745
84855158160	82.08333333333333
84855158220	79.20034246575342
84855158280	81.91794871794872
84855158340	87.05142857142857
84855158400	85.5
84855158460	83.96594982078852
84855158520	76.18679549114331
84855158580	85.46435100548446
84855158640	83.98926654740609
84855158700	83.2306338028169
84855158760	77.295
84855158820	81.30220713073005
84855158880	74.95894909688013
84855158940	77.38967136150235
84855159000	80.25490196078431
84855159060	71.42370370370371
84855159120	84.33879781420765
84855159180	73.90679304897314
84855159240	82.8321554770318
84855159300	78.31409168081494
84855159360	84.8390596745027
84855159420	78.77152317880795
84855159480	81.23166666666667
84855159540	72.67090620031796
84855159600	86.09323583180988
84855159660	82.43716814159292
84855159720	73.20602218700475
84855159780	92.82857142857142
84855159840	87.24452554744525
84855159900	90.83464566929133
84855159960	80.95575221238938
84855160020	73.40973312401884
84855160080	75.02555910543131
84855160140	89.53195488721805
84855160200	81.74869109947645
84855160260	86.96261682242991
84855160320	77.7624584717608
84855160380	71.41301059001513
84855160440	74.26813880126183
84855160500	78.52372881355932
84855160560	93.83109404990402
84855160620	102.25612472160357
84855160680	109.6906976744186
84855160740	110.36054421768708
84855160800	117.14728682170542
84855160860	108.57268722466961
84855160920	108.91625615763547
84855160980	94.55511022044088
84855161040	88.13904761904762
84855161100	80.3304940374787
84855161160	75.12893081761007
84855161220	87.53072625698324
84855161280	88.50570342205323
84855161340	83.25
84855161400	74.52588996763754
84855161460	84.12780656303973
84855161520	78.78020134228188
84855161580	94.46774193548387
84855161640	86.39332096474953
84855161700	72.1145038167939
84855161760	91.75828460038986
84855161820	84.0338078291815
84855161880	81.49736379613357
84855161940	86.65233644859813
84855162000	84.85661764705883
84855162060	74.8157894736842
84855162120	76.37886178861788
84855162180	84.54779411764706
84855162240	75.3008
84855162300	89.47924528301887
84855162360	82.40035273368606
84855162420	83.36252189141857
84855162480	83.5375
84855162540	81.96153846153847
84855162600	74.07870370370371
84855162660	88.52741020793951
84855162720	72.28571428571429
84855162780	76.20873786407768
84855162840	75.28064516129032
84855162900	84.18100358422939
84855162960	85.41025641025641
84855163020	76.71312803889789
84855163080	87.46408839779005
84855163140	96.29140461215933
84855163200	76.50638977635782
84855163260	91.80478087649402
84855163320	79.48316498316498
84855163380	75.20967741935483
84855163440	82.58864027538726
84855163500	84.29965156794425
84855163560	78.45283018867924
84855163620	70.40061633281972
84855163680	81.23618090452261
84855163740	81.75579322638146
84855163800	93.93055555555556
84855163860	84.24324324324324
84855163920	82.82446808510639
84855163980	76.7379421221865
84855164040	79.68983050847457
84855164100	79.93570219966159
84855164160	81.67379679144385
84855164220	73.5636645962733
84855164280	76.44039735099338
84855164340	79.28665568369028
84855164400	91.33066132264528
84855164460	80.16171617161716
84855164520	84.40409683426444
84855164580	86.60036832412523
84855164640	79.26655629139073
84855164700	76.46925566343042
84855164760	80.34142114384748
84855164820	85.54779411764706
84855164880	88.68843283582089
84855164940	87.25411334552102
84855165000	69.11463046757164
84855165060	95.28174603174604
84855165120	78.44312393887945
84855165180	85.98882681564245
84855165240	81.37414965986395
84855165300	81.09121061359868
84855165360	91.56016597510373
84855165420	80.85254237288136
84855165480	92.51509054325956
84855165540	80.65689655172413
84855165600	78.50657894736842
84855165660	86.59454545454545
84855165720	76.25
84855165780	80.59515570934256
84855165840	72.08628659476118
84855165900	70.91428571428571
84855165960	77.39186991869919
84855166020	81.7825311942959
84855166080	71.37275449101796
84855166140	76.74050632911393
84855166200	75.84615384615384
84855166260	85.94718309859155
84855166320	73.52561983471074
84855166380	72.75654853620955
84855166440	81.81834215167548
84855166500	81.92255892255892
84855166560	80.10122164048866
84855166620	75.08931419457736
84855166680	72.90591805766313
84855166740	88.36679536679537
84855166800	72.19939577039275
84855166860	82.22902097902097
84855166920	77.79124579124579
84855166980	95.81836327345309
84855167040	89.47338403041825
84855167100	85.2954128440367
84855167160	84.3381037567084
84855167220	77.28692699490662
84855167280	83.89126559714795
84855167340	75.00468018720748
84855167400	80.40651801029159
84855167460	88.71673003802282
84855167520	76.24188311688312
84855167580	83.09335727109516
84855167640	82.26334519572954
84855167700	80.23745819397993
84855167760	79.69320066334991
84855167820	107.40406320541761
84855167880	109.9952380952381
84855167940	101.50829875518673
84855168000	100.86800894854586
84855168060	112.8041958041958
84855168120	110.22300469483568
84855168180	114.33915211970074
84855168240	93.6832298136646
84855168300	84.56076388888889
84855168360	78.35374149659864
84855168420	76.33925686591276
84855168480	77.86294416243655
84855168540	77.07211538461539
84855168600	91.6970297029703
84855168660	83.75088339222614
84855168720	82.98573975044563
84855168780	83.48924731182795
84855168840	84.80604982206405
84855168900	74.72527472527473
84855168960	74.83387622149837
84855169020	83.21869488536156
84855169080	89.97519083969466
84855169140	84.56363636363636
84855169200	77.01800327332242
84855169260	87.61436672967864
84855169320	86.67753623188406
84855169380	82.38898756660745
84855169440	78.87049180327868
84855169500	87.45471698113208
84855169560	73.21698113207547
84855169620	85.26229508196721
84855169680	80.69125214408233
84855169740	101.99582463465553
84855169800	76.34983498349835
84855169860	86.91497227356747
84855169920	95.80281690140845
84855169980	85.56787762906309
84855170040	73.46307692307693
84855170100	88.73954372623574
84855170160	75.45893719806763
84855170220	88.09532710280374
84855170280	77.22553897180762
84855170340	88.70848708487085
84855170400	84.4927797833935
84855170460	83.06326889279438
84855170520	76.96065573770491
84855170580	93.53876739562624
84855170640	83.08185053380782
84855170700	82.3940455341506
84855170760	83.49378330373001
84855170820	80.43402777777777
84855170880	72.11297709923664
84855170940	89.41527001862197
84855171000	88.3544061302682
84855171060	79.54251700680273
84855171120	82.1144366197183
84855171180	90.56405353728489
84855171240	77.01970443349754
84855171300	84.21981981981982
84855171360	83.8563829787234
84855171420	77.84924623115577
84855171480	95.13131313131314
84855171540	95.34584980237155
84855171600	81.0896309314587
84855171660	93.56063618290258
84855171720	77.05546492659055
84855171780	83.40701754385965
84855171840	87.49338374291115
84855171900	91.78978388998036
84855171960	86.25871559633028
84855172020	78.37395659432387
84855172080	83.36219081272085
84855172140	86.85555555555555
84855172200	78.31472081218274
84855172260	79.79830508474576
84855172320	89.24137931034483
84855172380	79.09380234505862
84855172440	87.77189781021897
84855172500	86.0284191829485
84855172560	91.39024390243902
84855172620	78.92281303602059
84855172680	81.89518900343643
84855172740	81.21317157712305
84855172800	84.14362657091561
84855172860	81.74826388888889
84855172920	83.79255319148936
84855172980	79.7598627787307
84855173040	86.08272058823529
84855173100	72.4095826893354
84855173160	83.81399317406144
84855173220	73.43140495867769
84855173280	83.54673721340389
84855173340	73.91344667697064
84855173400	80.16952054794521
84855173460	91.5065913370998
84855173520	79.63458110516935
84855173580	81.7191201353638
84855173640	91.62230919765166
84855173700	78.51428571428572
84855173760	86.89219330855019
84855173820	92.41568627450981
84855173880	84.98713235294117
84855173940	105.13852813852814
84855174000	83.05347593582887
84855174060	75.64110929853182
84855174120	75.61463414634146
84855174180	91.64875239923225
84855174240	87.76252319109462
84855174300	89.11832061068702
84855174360	77.2787979966611
84855174420	83.86330935251799
84855174480	80.63728813559322
84855174540	97.45208333333333
84855174600	88.53686200378071
84855174660	76.68464052287581
84855174720	83.36234458259325
84855174780	79.79932546374367
84855174840	94.56048387096774
84855174900	71.76006191950465
84855174960	79.96494156928213
84855175020	93.37773359840955
84855175080	101.44541484716157
84855175140	104.36382978723404
84855175200	109.23844282238443
84855175260	109.22595078299776
84855175320	122.47027027027028
84855175380	100.95218295218295
84855175440	76.69932432432432
84855175500	79.89179755671903
84855175560	77.10063897763578
84855175620	88.19741697416974
84855175680	101.6853448275862
84855175740	79.2604895104895
84855175800	79.66442953020135
84855175860	85.24684684684685
84855175920	82.44991212653778
84855175980	87.04119850187266
84855176040	90.2735674676525
84855176100	96.5126582278481
84855176160	94.19521912350598
84855176220	77.72666666666667
84855176280	75.60162601626017
84855176340	86.16157989228007
84855176400	87.54135338345864
84855176460	84.36697247706422
84855176520	79.47954173486089
84855176580	77.3639455782313
84855176640	79.24914675767918
84855176700	75.36875
84855176760	86.27881040892193
84855176820	80.21663778162912
84855176880	78.16938110749186
84855176940	85.71506352087114
84855177000	77.91107382550335
84855177060	98.72289156626506
84855177120	84.77839851024208
84855177180	83.93727598566308
84855177240	78.93162393162393
84855177300	80.44655172413793
84855177360	74.82988871224165
84855177420	75.25628930817611
84855177480	74.22677165354331
84855177540	78.77162629757785
84855177600	84.57015985790409
84855177660	89.08614232209737
84855177720	90.01338432122371
84855177780	88.94412331406551
84855177840	85.08318584070797
84855177900	94.95381526104417
84855177960	83.28130671506352
84855178020	86.62962962962963
84855178080	80.2478336221837
84855178140	80.31040268456375
84855178200	84.72140221402213
84855178260	82.10726643598616
84855178320	91.11798839458415
84855178380	83.93097345132743
84855178440	77.105
84855178500	76.06482982171799
84855178560	82.22395833333333
84855178620	94.24313725490197
84855178680	89.8385214007782
84855178740	77.7190635451505
84855178800	100.56595744680851
84855178860	95.1948310139165
84855178920	92.75099601593625
84855178980	80.76450511945393
84855179040	90.15873015873017
84855179100	79.605
84855179160	81.00352112676056
84855179220	84.06039076376554
84855179280	74.29042386185243
84855179340	75.30794165316046
84855179400	77.35409836065574
84855179460	73.87010954616588
84855179520	75.36012861736334
84855179580	91.8172888015717
84855179640	93.08720930232558
84855179700	91.94901960784314
84855179760	91.015625
84855179820	78.01774193548387
84855179880	86.96116504854369
84855179940	86.5451197053407
84855180000	89.68620037807183
84855180060	87.01465201465201
84855180120	76.0016501650165
84855180180	81.5298126064736
84855180240	86.57089552238806
84855180300	78.5672131147541
84855180360	82.39388489208633
84855180420	97.55882352941177
84855180480	86.05656934306569
84855180540	77.5993640699523
84855180600	89.03168316831683
84855180660	97.29681274900399
84855180720	95.1590909090909
84855180780	89.642166344294
84855180840	81.69391304347826
84855180900	81.75993091537133
84855180960	80.90954773869346
84855181020	85.67041198501873
84855181080	81.28915662650603
84855181140	85.42513863216266
84855181200	82.10507880910683
84855181260	92.48062015503876
84855181320	93.54420432220039
84855181380	84.82894736842105
84855181440	95.04743083003953
84855181500	85.94542253521126
84855181560	81.54301075268818
84855181620	79.61687170474517
84855181680	73.54088050314465
84855181740	86.17142857142858
84855181800	79.2894280762565
84855181860	85.53747714808044
84855181920	87.94899817850637
84855181980	80.87241379310345
84855182040	85.2940108892922
84855182100	83
84855182160	88.31379962192817
84855182220	103.1875
84855182280	112.41204819277108
84855182340	110.10454545454546
84855182400	120.05955334987593
84855182460	134.48816568047337
84855182520	135.2529761904762
84855182580	123.03937007874016
84855182640	106.45496535796767
84855182700	107.72108843537416
84855182760	72.65141955835962
84855182820	86.16517055655297
84855182880	87.99814126394052
84855182940	95.57142857142857
84855183000	96.12863070539419
84855183060	87.82509505703422
84855183120	80.17676767676768
84855183180	82.59751773049645
84855183240	83.84974093264249
84855183300	83.08976660682227
84855183360	96.63368421052631
84855183420	84.63874345549738
84855183480	89.99409448818898
84855056940	42.71364046973803
84855057000	41.75779162956367
84855057060	46.051859099804304
84855057120	42.32061762034514
84855057180	44.242681775259676
84855057240	45.190657769304096
84855057300	42.186725663716814
84855057360	42.97563261480787
84855057420	41.69095697980685
84855057480	39.936206896551724
84855057540	43.82309124767225
84855057600	44.988560533841756
84855057660	41.36916299559471
84855057720	41.88046387154326
84855057780	42.449817518248175
84855057840	42.10573476702509
84855057900	40.072451558550966
84855057960	39.9819587628866
84855058020	39.63713080168776
84855058080	41.49733570159858
84855058140	45
84855058200	45.54794520547945
84855058260	40.245777027027025
84855058320	45.86336633663366
84855058380	42.81454545454545
84855058440	44.59365994236311
84855058500	41.371929824561406
84855058560	41.79590017825312
84855058620	43.65205223880597
84855058680	42.633002705139766
84855058740	41.97563176895307
84855058800	44.97998093422307
84855058860	43.94095595126523
84855058920	43.690587138863
84855058980	45.710243902439025
84855059040	45.70961718020541
84855059100	46.57318321392017
84855059160	43.33395696913003
84855059220	45.19923002887392
84855059280	47.32834331337325
84855059340	44.72053231939164
84855059400	44.303655107778816
84855059460	44.66216216216216
84855059520	44.421152030217186
84855059580	41.96339285714286
84855059640	52.84838350055741
84855059700	61.93157894736842
84855059760	91.51267056530214
84855059820	62.911051212938006
84855059880	58.485
84855059940	48.831673306772906
84855060000	49.77302631578947
84855060060	50.26243386243386
84855060120	47.96447230929989
84855060180	46.487586891757694
84855060240	45.2911877394636
84855060300	48.69254984260231
84855060360	47.42342342342342
84855060420	48.31055900621118
84855060480	48.1910569105691
84855060540	46.34119960668633
84855060600	50.90869086908691
84855060660	51.553005464480876
84855060720	44.43346007604563
84855060780	48.51026694045174
84855060840	46.57465618860511
84855060900	49.26646403242148
84855060960	55.09270704573547
84855061020	44.647283126787414
84855061080	48.39340885684861
84855061140	47.00701402805611
84855061200	48.18396711202467
84855061260	48.40786749482402
84855061320	48.65948717948718
84855061380	51.05754614549403
84855061440	52.19230769230769
84855061500	45.30009775171065
84855061560	47.46598984771573
84855061620	45.84390243902439
84855061680	50.56595744680851
84855061740	54.33066361556064
84855061800	47.729166666666664
84855061860	49.04218106995885
84855061920	49.75961538461539
84855061980	45.505825242718444
84855062040	47.717171717171716
84855062100	50.03004291845494
84855062160	48.31963001027749
84855062220	49.94230769230769
84855062280	46.38696939782823
84855062340	52.953072625698326
84855062400	45.24292682926829
84855062460	48.9493278179938
84855062520	48.38174273858921
84855062580	49.89748953974895
84855062640	51.49836779107726
84855062700	47.40793489318413
84855062760	50.94633077765608
84855062820	46.39802955665024
84855062880	44.57333333333333
84855062940	50.810752688172045
84855063000	51.828859060402685
84855063060	47.16167664670659
84855063120	45.38715953307393
84855063180	49.123829344432885
84855063240	50.96443965517241
84855063300	54.10194730813288
84855063360	71.23146747352496
84855063420	68.01024890190337
84855063480	69.73746312684366
84855063540	70.0559646539028
84855063600	57.13823163138232
84855063660	49.96097046413502
84855063720	47.56848609680741
84855063780	50.80885529157668
84855063840	49.14818652849741
84855063900	49.04201680672269
84855063960	50.03640256959315
84855064020	53.583427922814984
84855064080	51.406486486486486
84855064140	49.32409381663113
84855064200	49.34174553101998
84855064260	48.351602895553256
84855064320	49.16839916839917
84855064380	47.30181086519115
84855064440	51.27575107296137
84855064500	52.45885005636978
84855064560	51.34063526834611
84855064620	49.14915966386555
84855064680	49.40042372881356
84855064740	50.70887445887446
84855064800	47.75100806451613
84855064860	47.93380855397149
84855064920	49.798722044728436
84855064980	50.677105831533474
84855065040	48.37252861602497
84855065100	48.22517911975435
84855065160	51.07142857142857
84855065220	44.83700862895494
84855065280	54.10623556581986
84855065340	50.147762747138394
84855065400	52.05340909090909
84855065460	54.48101265822785
84855065520	47.56172839506173
84855065580	52.38773274917853
84855065640	49.14346439957492
84855065700	49.25130890052356
84855065760	50.45133689839572
84855065820	52.954393770856505
84855065880	51.32071269487751
84855065940	50.19659936238045
84855066000	51.0377969762419
84855066060	48.13292433537832
84855066120	48.18143899895725
84855066180	51.05907626208378
84855066240	49.09865005192108
84855066300	45.66699029126214
84855066360	49.1817215727949
84855066420	49.19873150105708
84855066480	48.48311156601842
84855066540	49.004206098843326
84855066600	47.70332996972755
84855066660	49.45759162303665
84855066720	47.32244897959184
84855066780	55.17674418604651
84855066840	53.899092970521544
84855066900	75.43381180223285
84855066960	68.91189427312776
84855067020	66.6585014409222
84855067080	80.37751677852349
84855067140	64.55524475524476
84855067200	52.49322799097065
84855067260	52.329254727474975
84855067320	54.52668213457076
84855067380	47.18537074148296
84855067440	49.30125523012552
84855067500	48.348595213319456
84855067560	47.94897959183673
84855067620	49.17770767613039
84855067680	51.465872156013
84855067740	49.24185068349106
84855067800	53.31454340473506
84855067860	50.219088937093275
84855067920	44.296015180265655
84855067980	52.791294642857146
84855068040	50.44315789473684
84855068100	52.509049773755656
84855068160	48.19749216300941
84855068220	49.01855670103093
84855068280	52.28651685393258
84855068340	55.217543859649126
84855068400	49.67129135538954
84855068460	47.19742063492063
84855068520	50.210583153347734
84855068580	49.992616033755276
84855068640	52.28170594837262
84855068700	51.48156182212581
84855068760	48.856993736951985
84855068820	48.90169133192389
84855068880	48.32379979570991
84855068940	48.85177664974619
84855069000	51.625560538116595
84855069060	48.66192893401015
84855069120	53.62914691943128
84855069180	51.659827213822894
84855069240	52.12653975363942
84855069300	51.15829694323144
84855069360	52.732960893854745
84855069420	51.061755146262186
84855069480	46.86039603960396
84855069540	52.10614525139665
84855069600	47.03834510595358
84855069660	53.85894495412844
84855069720	53.89828571428571
84855069780	51.748893805309734
84855069840	51.144539614561026
84855069900	65.50496453900709
84855069960	48.612668743509865
84855070020	49.48628691983122
84855070080	49.75802997858673
84855070140	50.22971548998946
84855070200	55.37677725118483
84855070260	49.71094580233794
84855070320	49.27492130115425
84855070380	48.36457260556128
84855070440	55.77648428405122
84855070500	74.92948717948718
84855070560	72.50154320987654
84855070620	72.53538461538461
84855070680	75.89233278955955
84855070740	75.63650793650794
84855070800	54.66039952996475
84855070860	55.98444976076555
84855070920	52.131843575419
84855070980	52.7914798206278
84855071040	53.42232451093211
84855071100	51.69736842105263
84855071160	53.85565819861432
84855071220	49.33716075156576
84855071280	47.55915065722952
84855071340	52.02224694104561
84855071400	54.28110599078341
84855071460	50.65658747300216
84855071520	54.9625730994152
84855071580	52.40843507214206
84855071640	52.49230769230769
84855071700	61.828165374677006
84855071760	51.52183908045977
84855071820	48.236082474226805
84855071880	50.80474649406688
84855071940	53.70316027088036
84855072000	53.68518518518518
84855072060	54.6492027334852
84855072120	55.33213429256595
84855072180	57.220462850182706
84855072240	51.68908489525909
84855072300	50.782188841201716
84855072360	53.21615472127417
84855072420	52.348603351955305
84855072480	51.95661846496107
84855072540	57.29454545454546
84855072600	49.688367129135536
84855072660	53.83705357142857
84855072720	57.16687422166874
84855072780	57.385836385836384
84855072840	57.00842358604091
84855072900	53.89148191365228
84855072960	52.29988974641676
84855073020	48.527027027027025
84855073080	52.988839285714285
84855073140	51.690265486725664
84855073200	54.13990825688074
84855073260	53.745939675174014
84855073320	50.154749199573104
84855073380	53.77168949771689
84855073440	51.08165429480382
84855073500	54.873372781065086
84855073560	52.82179341657208
84855073620	54.00912200684151
84855073680	54.27699530516432
84855073740	50.68884120171674
84855073800	52.71927846674183
84855073860	51.3622392974753
84855073920	50.11182108626198
84855073980	54.004561003420754
84855074040	55.42018779342723
84855074100	58.736040609137056
84855074160	59.72271016311167
84855074220	71.4861963190184
84855074280	76.13216560509554
84855074340	80.3276740237691
84855074400	73.85322580645162
84855074460	65.36849315068493
84855074520	49.51827956989247
84855074580	61.089834515366434
84855074640	53.22921914357683
84855074700	51.29025191675794
84855074760	52.42350332594235
84855074820	53.868814729574225
84855074880	49.53128313891835
84855074940	56.21190476190476
84855075000	57.16183574879227
84855075060	55.96394230769231
84855075120	50.733477789815815
84855075180	53.97281993204983
84855075240	51.62826086956522
84855075300	53.031496062992126
84855075360	51.3934611048478
84855075420	53.488
84855075480	57.7940813810111
84855075540	51.309859154929576
84855075600	51.2582056892779
84855075660	48.52218782249742
84855075720	53.481776765375855
84855075780	52.71840354767184
84855075840	50.125269978401725
84855075900	49.89171974522293
84855075960	53.98726851851852
84855076020	55.1135573580533
84855031380	5.4361702127659575
84855031440	6.475753604193971
84855031500	6.835851648351649
84855031560	8.015616585891223
84855031620	9.388833992094861
84855031680	12.06823883592574
84855031740	13.926817525276842
84855031800	17.106766917293232
84855031860	19.013972055888225
84855031920	21.132773938795655
84855031980	23.494979919678716
84855032040	23.89796954314721
84855032100	24.35406946604458
84855032160	24.658254468980022
84855032220	24.61522309711286
84855032280	24.732312565997887
84855032340	24.54997383568812
84855032400	24.952153110047846
84855032460	24.96810207336523
84855032520	24.100616016427104
84855032580	24.858730158730157
84855032640	24.82318687136051
84855032700	24.3
84855032760	25.13551151580075
84855032820	24.63235294117647
84855032880	25.687978142076503
84855032940	25.782967032967033
84855033000	26.4946539110861
84855033060	26.37099494097808
84855033120	27.688350088704908
84855033180	26.47549295774648
84855033240	26.409014084507042
84855033300	27.12615207373272
84855033360	26.498301245753115
84855033420	26.90626797009776
84855033480	27.088133640552996
84855033540	27.24145917776491
84855033600	28.832718327183272
84855033660	27.64622641509434
84855033720	27.694935217903417
84855033780	27.862908011869436
84855033840	27.99642857142857
84855033900	28.83282114320836
84855033960	29.082038533250465
84855034020	28.57958687727825
84855034080	28.815224063842848
84855034140	29.09925558312655
84855034200	29.92557251908397
84855034260	29.320224719101123
84855034320	29.365288220551378
84855034380	29.736708860759492
84855034440	34.017391304347825
84855034500	28.149128081779917
84855034560	28.76546233925291
84855034620	27.98089552238806
84855034680	27.631826189078097
84855034740	28.846435100548447
84855034800	30.92866666666667
84855034860	31.36873350923483
84855034920	30.85923949299533
84855034980	30.524983776768334
84855035040	30.766710353866316
84855035100	29.45505617977528
84855035160	30.798948751642577
84855035220	30.473718364698247
84855035280	30.255498059508408
84855035340	30.14781491002571
84855035400	30.315449256625726
84855035460	31.352628077178977
84855035520	30.405580791693705
84855035580	30.936800526662278
84855035640	31.98791946308725
84855035700	32.13210130047912
84855035760	31.614647501711158
84855035820	30.42422279792746
84855035880	31.271818787475016
84855035940	31.475134408602152
84855036000	30.891147540983606
84855036060	32.282563749138525
84855036120	31.215425531914892
84855036180	30.889841688654354
84855036240	31.537691794529685
84855036300	32.21384509938314
84855036360	32.26421636615812
84855036420	31.03034300791557
84855036480	31.0364238410596
84855036540	32.70247933884298
84855036600	33.44580043072505
84855036660	32.65976535541753
84855036720	33.65848375451264
84855036780	33.076325088339225
84855036840	32.143737166324435
84855036900	33.40227434257285
84855036960	33.570200573065904
84855037020	34.01151079136691
84855037080	35.462709284627095
84855037140	33.313475177304966
84855037200	33.979724837074585
84855037260	34.35777126099707
84855037320	34.052898550724635
84855037380	34.03759942154736
84855037440	33.456552706552706
84855037500	35.10156833457804
84855037560	36.528125
84855037620	34.25985401459854
84855037680	32.632709632709634
84855037740	35.08164794007491
84855037800	36.43691588785047
84855037860	35.26276276276276
84855037920	34.609720176730484
84855037980	34.4490538573508
84855038040	46.7390438247012
84855038100	38.183757178014766
84855038160	30.2068079640334
84855038220	30.126525369299937
84855038280	30.83410138248848
84855038340	30.58865710560626
84855038400	32.127136021872865
84855038460	32.190798376184034
84855038520	31.824982841455043
84855038580	31.999316473000682
84855038640	30.380983182406208
84855038700	30.48701298701299
84855038760	29.857506361323153
84855038820	30.13586606567933
84855038880	29.516352201257863
84855038940	29.865275142314992
84855039000	31.13439787092482
84855039060	30.77975016436555
84855039120	29.269494697442294
84855039180	30.74657086871326
84855039240	30.46
84855039300	31.51302605210421
84855039360	30.914552736982643
84855039420	30.850098619329387
84855039480	30.76882776686313
84855039540	31.039708802117804
84855039600	30.993399339933994
84855039660	31.71004720161834
84855039720	32.19122686771762
84855039780	30.118894601542415
84855039840	30.06282051282051
84855039900	30.226221079691516
84855039960	31.095681063122925
84855040020	31.38985313751669
84855040080	31.12939615129396
84855040140	31.289787798408486
84855040200	31.65182186234818
84855040260	31.418666666666667
84855040320	32.722339675828046
84855040380	31.27471798274718
84855040440	31.229083665338646
84855040500	31.28970099667774
84855040560	31.851020408163265
84855040620	31.679296346414073
84855040680	33.14295628036086
84855040740	32.14176511466296
84855040800	31.452716297786722
84855040860	32.63370473537604
84855040920	31.359060402684563
84855040980	31.963165075034105
84855041040	31.06074461136512
84855041100	31.49696151249156
84855041160	33.46556671449068
84855041220	30.700065487884743
84855041280	30.92772667542707
84855041340	30.636601307189544
84855041400	31.673839946200403
84855041460	30.66949706074461
84855041520	30.99007279947055
84855041580	31.682337139019477
84855041640	41.18843120070114
84855041700	49.4899894625922
84855041760	34.02476329206118
84855041820	31.373574782025486
84855041880	31.43486973947896
84855041940	31.355820105820104
84855042000	32.55859649122807
84855042060	32.30591434398369
84855042120	36.438132295719846
84855042180	33.86608442503639
84855042240	32.14344262295082
84855042300	31.75101763907734
84855042360	30.352522639068564
84855042420	30.488658457550226
84855042480	31.821768707482992
84855042540	31.74848280512475
84855042600	32.18269230769231
84855042660	31.83649932157395
84855042720	32.73328690807799
84855042780	32.38111647139903
84855042840	32.53670360110803
84855042900	33.41444600280505
84855042960	32.84248039914469
84855043020	34.44742567077593
84855043080	32.62394366197183
84855043140	33.002100840336134
84855043200	32.38062283737024
84855043260	33.03079076277117
84855043320	33.99201741654572
84855043380	32.41672425708362
84855043440	30.759684832567302
84855043500	30.883399209486164
84855043560	33.171809256661994
84855043620	32.15151515151515
84855043680	31.080398671096347
84855043740	32.678423236514526
84855043800	32.47780859916782
84855043860	32.368384879725085
84855043920	34.18175182481752
84855043980	32.50138888888889
84855044040	32.0608755129959
84855044100	32.43892339544514
84855044160	32.0972602739726
84855044220	34.16218181818182
84855044280	33.10189739985945
84855044340	31.450167224080268
84855044400	32.43115438108484
84855044460	33.4290780141844
84855044520	32.32093663911846
84855044580	32.88935574229692
84855044640	33.93093525179856
84855044700	35.01484780994803
84855044760	33.51263537906137
84855044820	32.351966873706004
84855044880	32.59583333333333
84855044940	33.72174535050072
84855045000	34.47045790251108
84855045060	33.13196894848271
84855045120	34.45461200585652
84855045180	35.15482423335826
84855045240	40.98101811906816
84855045300	53.89607390300231
84855045360	51.38074398249453
84855045420	35.627765064836005
84855045480	34.137026239067055
84855045540	33.30774647887324
84855045600	34.67040358744394
84855045660	34.42795076031861
84855045720	34.502606105733435
84855045780	32.49205252246026
84855045840	33.588445078459344
84855045900	34.51884700665188
84855045960	33.947976878612714
84855046020	34.6794682422452
84855046080	32.41022099447514
84855046140	33.57010014306152
84855046200	33.65071428571429
84855046260	34.970917225950785
84855046320	32.056396148555706
84855046380	32.51931034482759
84855046440	33.30394922425952
84855046500	33.457364341085274
84855046560	35.17304747320061
84855046620	34.102527075812276
84855046680	33.808526011560694
84855046740	33.55255681818182
84855046800	34.55604719764012
84855046860	33.655913978494624
84855046920	33.82015953589558
84855046980	33.50035536602701
84855047040	34.63126843657817
84855047100	33.04237288135593
84855047160	33.54545454545455
84855047220	34.82509225092251
84855047280	32.88008415147265
84855047340	35.64087152516905
84855047400	35.326219512195124
84855047460	34.0475161987041
84855047520	34.525887573964496
84855047580	33.34782608695652
84855047640	34.36157779401022
84855047700	35.82889733840304
84855047760	34.29407461594733
84855047820	34.24402606806662
84855047880	33.83661560904449
84855047940	34.067821067821065
84855048000	35.051608077786085
84855048060	34.8960359012715
84855048120	35.09118086696562
84855048180	34.327510917030565
84855048240	34.23478260869565
84855048300	36.089506172839506
84855048360	37.48790322580645
84855048420	34.35131195335277
84855048480	36.7046875
84855048540	37.7787610619469
84855048600	36.71641791044776
84855048660	34.83073496659243
84855048720	36.15284178187404
84855048780	34.87221396731055
84855048840	40.327993254637434
84855048900	54.50823529411765
84855048960	52.65397536394177
84855049020	53.804822043628015
84855049080	35.45962264150943
84855049140	34.553426676492265
84855049200	36.67007874015748
84855049260	36.41865844255975
84855049320	37.3426517571885
84855049380	35.44578313253012
84855049440	34.532496307237814
84855049500	36.890368050117466
84855049560	36.28812260536399
84855049620	38.318708609271525
84855049680	36.15732924021489
84855049740	38.504526748971195
84855049800	37.77403846153846
84855049860	38.534807534807534
84855049920	36.33644859813084
84855049980	38.037872683319904
84855050040	37.560159362549804
84855050100	37.16849529780564
84855050160	35.99063231850117
84855050220	39.03910149750416
84855050280	37.55875299760192
84855050340	36.02297090352221
84855050400	37.51597444089457
84855050460	34.76488095238095
84855050520	36.59547934528449
84855050580	36.92604248623132
84855050640	37.11629746835443
84855050700	37.10228166797797
84855050760	35.753435114503816
84855050820	34.8754633061527
84855050880	37.15806195393169
84855050940	37.842687747035576
84855051000	38.49376558603491
84855051060	37.638535031847134
84855051120	35.83923076923077
84855051180	34.69236471460341
84855051240	36.06163328197226
84855051300	36.87772585669782
84855051360	37.16521048451152
84855051420	36.64576802507837
84855051480	37.52728731942215
84855051540	36.45663852647736
84855051600	39.787179487179486
84855051660	39.147689768976896
84855051720	37.8937908496732
84855051780	38.16464891041162
84855051840	37.96070569366479
84855051900	39.91367521367521
84855051960	37.75343573160873
84855052020	37.12998405103668
84855052080	36.489147286821705
84855052140	36.18133129303749
84855052200	37.43684633950121
84855052260	36.38157894736842
84855052320	37.64673046251993
84855052380	38.169243287225385
84855052440	38.9195688225539
84855052500	56.82014388489208
84855052560	53.35550458715596
84855052620	59.18546365914787
84855052680	56.08004778972521
84855052740	40.75534644995723
84855052800	38.19916317991632
84855052860	38.570502431118314
84855052920	38.546058091286305
84855052980	39.40050377833753
84855053040	38.58586688578472
84855053100	37.208730158730155
84855053160	36.71867612293144
84855053220	38.423577235772356
84855053280	39.41631623212784
84855053340	38.52873563218391
84855053400	36.479719188767554
84855053460	37.28152260111023
84855053520	38.53600654664484
84855053580	36.38918918918919
84855053640	40.65955631399317
84855053700	39.1214405360134
84855053760	38.61346633416459
84855053820	38.9625
84855053880	40.21612349914237
84855053940	36.809897879025925
84855054000	46.372819100091824
84855054060	40.068328716528164
84855054120	39.67226890756302
84855054180	37.53016894609815
84855054240	37.517515923566876
84855054300	39.820338983050846
84855054360	38.98668885191348
84855054420	39.72128378378378
84855054480	38.788557213930346
84855054540	38.467637540453076
84855054600	41.07678729037952
84855054660	40.63293310463122
84855054720	39.211063829787236
84855054780	40.98699045967042
84855054840	39.34479865771812
84855054900	39.472666105971406
84855054960	40.18502581755594
84855055020	39.752961082910325
84855055080	40.29623287671233
84855055140	39.908396946564885
84855055200	39.36859781696054
84855055260	39.13663034367141
84855055320	39.59395973154363
84855055380	39.485785953177256
84855055440	44.54630495790458
84855055500	40.60452961672474
84855055560	40.46375545851529
84855055620	38.974058577405856
84855055680	40.301358234295414
84855055740	41.2715173025732
84855055800	39.40588235294118
84855055860	40.26860564585115
84855055920	41.33187390542907
84855055980	43.578066914498145
84855056040	45.40175097276265
84855056100	52.54555433589462
84855056160	62.012016021361816
84855056220	56.94244604316547
84855056280	58.70922882427307
84855056340	57.27382388419783
84855056400	41.7078853046595
84855056460	41.99732142857143
84855056520	43.948356807511736
84855056580	42.91514598540146
84855056640	42.355595667870034
84855056700	42.974217311233886
84855056760	43.40552995391705
84855056820	42.88106129917658
84855056880	43.19814814814815
84855098700	61.72523117569353
84855098760	61.061251664447404
84855098820	62.21870882740448
84855098880	60.32516129032258
84855098940	68.95139911634757
84855099000	57.010989010989015
84855099060	58.68142681426814
84855099120	60.380829015544045
84855099180	63.22516556291391
84855099240	60.16073781291173
84855099300	80.73174872665535
84855099360	82.00670016750419
84855099420	93.7321063394683
84855099480	79.86518771331058
84855099540	85.88235294117646
84855099600	79.55421686746988
84855099660	76.89032258064516
84855099720	67.78343023255815
84855099780	59.04893350062735
84855099840	67.55587392550143
84855099900	66.30747126436782
84855099960	69.50805270863836
84855100020	63.037837837837834
84855100080	63.937081659973224
84855100140	66.5
84855100200	63.67305061559507
84855100260	62.898148148148145
84855100320	66.33852691218131
84855100380	66.11549295774648
84855100440	61.938748335552596
84855100500	72.36
84855100560	63.163841807909606
84855100620	58.321515892420535
84855100680	66.10224089635854
84855100740	59.17797695262484
84855100800	65.11634349030471
84855100860	64.3089430894309
84855100920	67.22889842632333
84855100980	63.65663474692202
84855101040	64.01201602136182
84855101100	63.081043956043956
84855101160	66.500693481276
84855101220	68.41228070175438
84855101280	72.18788819875776
84855101340	63.46286472148541
84855101400	64.43393602225314
84855101460	64.3024861878453
84855101520	64.08891928864568
84855101580	57.7676399026764
84855101640	72.1475155279503
84855101700	66.54724964739069
84855101760	68.14057971014493
84855101820	58.98847631241998
84855101880	69.55800293685756
84855101940	68.25252525252525
84855102000	68.6593886462882
84855102060	60.05670103092783
84855102120	61.287012987012986
84855102180	64.63983628922237
84855102240	62.328947368421055
84855102300	66.12236286919831
84855102360	64.27932960893855
84855102420	62.743624161073825
84855102480	59.71592356687898
84855102540	67.12034383954155
84855102600	62.748010610079575
84855102660	60.924870466321245
84855102720	62.753989361702125
84855102780	60.90170380078637
84855102840	56.82190132370638
84855102900	80.98989898989899
84855102960	84.68587360594796
84855103020	85.31907308377896
84855103080	85.72677595628416
84855103140	94.52905811623246
84855103200	88.08413001912047
84855103260	83.72939068100358
84855103320	59.504492939666235
84855103380	59.76603773584905
84855103440	67.22268907563026
84855103500	61.4078947368421
84855103560	64.39586206896551
84855103620	59.659326424870464
84855103680	65.51440329218107
84855103740	66.17478510028653
84855103800	64.80880330123796
84855103860	64.16298342541437
84855103920	62.15514993481095
84855103980	67.46054519368722
84855104040	64.62927496580028
84855104100	74.60220125786164
84855104160	63.031463748290015
84855104220	55.7463768115942
84855104280	62.36556291390728
84855104340	67.64562410329985
84855104400	60.529936305732484
84855104460	66.19718309859155
84855104520	64.52932960893855
84855104580	66.20839160839161
84855104640	65.55932203389831
84855104700	68.6264367816092
84855104760	60.78843626806833
84855104820	63.36497326203209
84855104880	67.70674486803519
84855104940	66.49722991689751
84855105000	69.32195845697329
84855105060	60.24968474148802
84855105120	70.77811550151975
84855105180	64.97615708274895
84855105240	61.38756613756614
84855105300	69.11465892597968
84855105360	60.51890482398957
84855105420	65.94972067039106
84855105480	60.63157894736842
84855105540	65.81920903954803
84855105600	64.12244897959184
84855105660	63.758855585831064
84855105720	69.09143686502178
84855105780	70.1560606060606
84855105840	67.52549575070822
84855105900	60.996073298429316
84855105960	59.921694480102694
84855106020	65.97058823529412
84855106080	65.98302687411598
84855106140	66.4586255259467
84855106200	67.21090387374461
84855106260	59.105732484076434
84855106320	62.55032679738562
84855106380	61.43766578249337
84855106440	63.02543507362785
84855106500	66.71673819742489
84855106560	70.04477611940298
84855106620	62.655126498002666
84855106680	74.57836990595611
84855106740	78.81953642384106
84855106800	86.57276119402985
84855106860	84.41522491349481
84855106920	91.768
84855106980	97.32848232848232
84855107040	68.83132530120481
84855107100	66.8545197740113
84855107160	65.09103448275862
84855107220	62.81769436997319
84855107280	67.6946454413893
84855107340	61.33159947984395
84855107400	64.08689655172414
84855107460	60.740547588005214
84855107520	61.03346203346204
84855107580	58.7819083023544
84855107640	70.38757396449704
84855107700	68.79735682819383
84855107760	66.33988764044943
84855107820	71.28
84855107880	63.056629834254146
84855107940	63.36988110964333
84855108000	66.91027496382056
84855108060	66.06518723994452
84855108120	64.31440443213296
84855108180	56.625454545454545
84855108240	60.00381679389313
84855108300	67.16713483146067
84855108360	60.974734042553195
84855108420	63.34087882822903
84855108480	66.32584269662921
84855108540	66.99030470914127
84855108600	67.46142208774585
84855108660	65.9640387275242
84855108720	65.74616457461646
84855108780	63.94575799721836
84855108840	66.88718662952647
84855108900	63.85933147632312
84855108960	66.88145048814505
84855109020	58.253787878787875
84855109080	60.99352331606217
84855109140	64.22010869565217
84855109200	65.52137931034483
84855109260	65.54829545454545
84855109320	67.34844192634561
84855109380	67.60894660894661
84855109440	64.2958904109589
84855109500	66.90495867768595
84855109560	70.69937694704049
84855109620	64.55944055944056
84855109680	58.5171568627451
84855109740	66.14345991561181
84855109800	65.11781206171108
84855109860	66.11731843575419
84855109920	64.17236662106703
84855109980	67.88695652173914
84855110040	66.72753209700429
84855110100	71.01799100449774
84855110160	92.97485493230174
84855110220	79.17758620689655
84855110280	84.7559198542805
84855110340	91.88640595903166
84855110400	92.85252525252525
84855110460	82.03185840707964
84855110520	69.79066265060241
84855110580	66.94879089615932
84855110640	63.415220293724964
84855110700	63.68598382749326
84855110760	65.14
84855110820	63.06684141546527
84855110880	67.43804034582132
84855110940	66.36415362731152
84855111000	70.56631892697466
84855111060	63.45908460471567
84855111120	69.67452135493373
84855111180	67.9218523878437
84855111240	71.33185840707965
84855111300	69.78422619047619
84855111360	60.26702269692924
84855111420	68.14020028612303
84855111480	66.39739884393063
84855111540	66.03734439834025
84855111600	66.5819209039548
84855111660	67.98132183908046
84855111720	64.04407713498622
84855111780	68.94211287988422
84855111840	69.56277695716396
84855111900	63.781893004115226
84855111960	68.1376281112738
84855112020	68.88023088023088
84855112080	63.70395634379263
84855112140	67.20810055865921
84855112200	67.54680534918276
84855112260	65.5048143053645
84855112320	60.41168658698539
84855112380	69.54319180087847
84855112440	64.02233902759527
84855112500	67.44017725258493
84855112560	71.0030395136778
84855112620	60.47747747747748
84855112680	62.791164658634536
84855112740	62.20976253298153
84855112800	66.78459343794579
84855112860	70.9742033383915
84855112920	72.19201228878649
84855112980	65.18888888888888
84855113040	69.25877192982456
84855113100	68.00700280112045
84855113160	76.88679245283019
84855113220	64.28965517241379
84855113280	68.84892086330935
84855113340	64.19015047879617
84855113400	68.10588235294118
84855113460	62.76644295302013
84855113520	69.0279823269514
84855113580	69.84279475982532
84855113640	68.64477611940299
84855113700	72.96147919876734
84855113760	63.42663043478261
84855113820	68.34833091436865
84855113880	62.77496671105193
84855113940	71.15912408759124
84855114000	70.19626168224299
84855114060	70.34199134199135
84855114120	69.67737003058105
84855114180	65.6371191135734
84855114240	70.33836858006042
84855114300	67.64084507042253
84855114360	65.31884057971014
84855114420	70.48588410104011
84855114480	67.47832369942196
84855114540	64.57909215955983
84855114600	68.17841726618705
84855114660	71.41257668711657
84855114720	71.88973966309341
84855114780	70.43111111111111
84855114840	78.2845394736842
84855114900	80.89827586206897
84855114960	68.38144329896907
84855115020	71.24468085106383
84855115080	66.18544935805991
84855115140	66.32027972027971
84855115200	70.61538461538461
84855115260	68.89686098654708
84855115320	65.65300546448087
84855115380	68.54692082111437
84855115440	59.840879689521344
84855115500	65.02735978112175
84855115560	59.78644501278772
84855115620	73.20865533230294
84855115680	66.72624113475177
84855115740	74.20710973724884
84855115800	77.67353951890034
84855115860	66.62465753424658
84855115920	69.48187311178248
84855115980	63.934156378600825
84855116040	70.98789712556733
84855116100	67.23367198838896
84855116160	65.04558011049724
84855116220	64.49113233287858
84855116280	63.02139037433155
84855116340	64.34468664850137
84855116400	60.96042216358839
84855116460	58.32670807453416
84855116520	64.72628726287263
84855116580	62.0566534914361
84855116640	68.77377521613833
84855116700	65.52394366197183
84855116760	61.83827493261455
84855116820	66.86647727272727
84855116880	60.63566878980892
84855116940	69.29456193353474
84855117000	72.18882175226587
84855117060	71.62174578866768
84855117120	63.974393530997304
84855117180	71.009009009009
84855117240	68.85861561119293
84855117300	83.75886524822695
84855117360	88.40796963946869
84855117420	98.89144050104385
84855117480	83.52142857142857
84855117540	101.74050632911393
84855117600	102.53075170842824
84855117660	83.57986111111111
84855117720	74.27479674796749
84855117780	68.73430656934306
84855117840	73.38533541341654
84855117900	65.71022727272727
84855117960	53.90919674039581
84855118020	64.64897959183673
84855118080	63.70933333333333
84855118140	72.74844720496894
84855118200	76.66777408637874
84855118260	61.736979166666664
84855118320	67.47907647907648
84855118380	66.10241820768137
84855118440	76.05132192846034
84855118500	76.60806451612903
84855118560	70.17283950617283
84855118620	65.0041782729805
84855118680	69.00146198830409
84855118740	65.15076071922545
84855118800	67.87665198237886
84855118860	68.90557939914163
84855118920	71.45962732919254
84855118980	72.0854961832061
84855119040	72.57943925233644
84855119100	71.7298937784522
84855119160	70.84885496183206
84855119220	67.33570412517781
84855119280	70.44011976047904
84855119340	63.114666666666665
84855119400	73.948031496063
84855119460	65.46013986013986
84855119520	73.53194888178913
84855119580	71.26212121212122
84855119640	67.03107344632768
84855119700	59.84516129032258
84855119760	69.94682422451994
84855119820	70.752655538695
84855119880	62.009102730819244
84855119940	65.61322081575246
84855120000	65.85714285714286
84855120060	70.50593471810089
84855120120	64.17655172413794
84855120180	76.82786885245902
84855120240	66.64747191011236
84855120300	72.21765601217656
84855120360	67.32791728212703
84855120420	76.21462639109699
84855120480	71.11538461538461
84855120540	72.66464339908953
84855120600	76.7900826446281
84855120660	69.31934032983509
84855120720	68.83795620437957
84855120780	70.67766116941529
84855120840	66.03739612188366
84855120900	73.96789727126806
84855120960	61.97254901960784
84855121020	70.08545727136432
84855121080	65.02816901408451
84855121140	70.52262773722627
84855121200	62.80053547523427
84855121260	71.6969696969697
84855121320	80.30808950086059
84855121380	68.56231454005935
84855121440	71.59756097560975
84855121500	69.35588235294118
84855121560	74.7752808988764
84855121620	68.96215429403202
84855121680	68.6778916544656
84855121740	72.53333333333333
84855121800	71.86943164362519
84855121860	70.75150602409639
84855121920	64.57162726008345
84855121980	66.0358126721763
84855122040	74.65390749601276
84855122100	71.80271084337349
84855122160	70.55760368663594
84855122220	74.4310618066561
84855122280	68.21617647058824
84855122340	75.65555555555555
84855122400	65.6811797752809
84855122460	66.00831024930748
84855122520	74.21669341894061
84855122580	73.4236220472441
84855122640	59.177944862155385
84855122700	72.03091190108192
84855122760	63.695945945945944
84855122820	62.4034620505992
84855122880	68.3142037302726
84855122940	68.9375
84855123000	77.22909698996655
84855123060	77.06441223832527
84855123120	69.88804841149773
84855123180	68.476401179941
84855123240	77.70983606557377
84855123300	60.09681528662421
84855123360	66.54623044096728
84855123420	71.07317073170732
84855123480	70.24663677130044
84855123540	68.00578871201158
84855123600	78.95049504950495
84855123660	73.31715210355988
84855123720	68.23132183908046
84855123780	69.09649122807018
84855123840	72.656346749226
84855123900	76.07246376811594
84855123960	75.32954545454545
84855124020	65.06013986013986
84855124080	72.80123266563945
84855124140	67.67475035663338
84855124200	73.6236220472441
84855124260	70.02202643171806
84855124320	68.83259911894272
84855124380	68.89301634472511
84855124440	74.21786833855799
84855124500	73.55590062111801
84855124560	80.84165232358004
84855124620	92.93439363817097
84855124680	90.21428571428571
84855124740	97.8443113772455
84855124800	111.86265060240964
84855124860	110.0070588235294
84855124920	85.16318785578747
84855124980	75.15421303656598
84855125040	71.83717357910906
84855125100	78.14735099337749
84855125160	69.78026905829596
84855125220	69.95833333333333
84855125280	64.38828337874659
84855125340	68.82163742690058
84855125400	69.96983408748115
84855125460	69.76
84855125520	61.30154639175258
84855125580	73.92101105845181
84855125640	70.24887556221888
84855125700	59.71153846153846
84855125760	71.76204819277109
84855125820	75.11003236245955
84855125880	63.57765667574932
84855125940	68.16931982633864
84855126000	75.00792393026941
84855126060	68.9925705794948
84855126120	66.2315340909091
84855126180	75.85828025477707
84855126240	73.03405572755418
84855126300	65.19831223628692
84855126360	72.70606531881803
84855126420	73.56880733944953
84855126480	66.57971014492753
84855126540	65.24795640326975
84855126600	73.54402515723271
84855126660	70.1002994011976
84855126720	69.32689450222882
84855126780	73.1296875
84855126840	82.41186736474694
84855126900	63.45776566757493
84855126960	65.22330097087378
84855127020	69.89712556732223
84855127080	72.1875945537065
84855127140	73.83254344391786
84855127200	82.96302816901408
84855127260	73.24031007751938
84855127320	71.54992319508449
84855127380	64.30906593406593
84855127440	77.8840579710145
84855127500	75.89593495934959
84855127560	70.16030534351145
84855127620	74.17214397496087
84855127680	73.16743471582181
84855127740	75.06557377049181
84855127800	75.8608
84855127860	74.90271132376395
84855127920	71.9
84855127980	79.24917491749174
84855128040	67.70991253644316
84855128100	74.94944707740916
84855128160	69.35575485799701
84855128220	72.06917293233083
84855128280	73.94258373205741
84855128340	70.91666666666667
84855128400	75.09380234505862
84855128460	70.51216022889842
84855128520	73.90806451612903
84855128580	78.86941580756013
84855128640	71.65349544072949
84855128700	74.24447949526814
84855128760	72.609375
84855128820	70.78228228228228
84855128880	75.3076923076923
84855128940	81.78421052631579
84855129000	69.29123328380386
84855129060	80.8452380952381
84855129120	66.50862068965517
84855129180	75.05687203791469
84855129240	70.58982035928143
84855129300	79.72231686541738
84855129360	69.9833836858006
84855129420	67.7049645390071
84855129480	68.6337817638266
84855129540	75.08
84855129600	71.9187969924812
84855129660	70.37405731523378
84855129720	66.62535612535612
84855129780	68.13131313131314
84855129840	70.15915915915916
84855129900	69.69061583577712
84855129960	68.79673590504451
84855130020	73.47095761381476
84855130080	72.79320987654322
84855130140	77.85313531353135
84855130200	71.84937888198758
84855130260	78.55482815057283
84855130320	69.84342688330871
84855130380	71.10093167701864
84855130440	76.07234726688102
84855130500	74.16848673946959
84855130560	63.73146853146853
84855130620	76.29746835443038
84855130680	73.14573643410853
84855130740	71.64501510574019
84855130800	68.26386806596702
84855130860	66.8342776203966
84855130920	69.41281669150521
84855130980	73.10883280757098
84855131040	71.69311377245509
84855131100	73.01225114854518
84855131160	67.53958944281526
84855131220	73.26275115919628
84855131280	73.23787167449139
84855131340	65.85552407932012
84855131400	68.18454935622317
84855131460	76.47115384615384
84855131520	69.20149253731343
84855131580	75.32305194805195
84855131640	78.7068676716918
84855131700	77.00644122383252
84855131760	95.2570281124498
84855131820	102.74285714285715
84855131880	100.6017316017316
84855131940	94.87524752475248
84855132000	98.91452991452991
84855132060	101.96728016359918
84855132120	100.76233183856502
84855132180	76.015
84855132240	73.57650695517775
84855132300	71.36377708978328
84855132360	77.15321252059309
84855132420	76.8125
84855132480	76.6907894736842
84855132540	64.76230661040788
84855132600	67.32262569832402
84855132660	79.69763513513513
84855132720	79.0217755443886
84855132780	75.70230263157895
84855132840	75.16275430359937
84855132900	104.5456570155902
84855132960	77.93686006825939
84855133020	70.00446428571429
84855133080	69.63111111111111
84855133140	66.82503556187767
84855133200	74.672
84855133260	75.06803797468355
84855133320	76.22115384615384
84855133380	80.87301587301587
84855133440	72.947932618683
84855133500	73.32701421800948
84855133560	68.08486562942008
84855133620	73.83676703645008
84855133680	75.86535303776684
84855133740	69.90856313497822
84855133800	77.56281407035176
84855133860	72.02143950995406
84855133920	68.8764880952381
84855133980	74.27315541601256
84855134040	75.88069073783359
84855134100	80.9627659574468
84855134160	62.41239892183288
84855134220	74.41111111111111
84855134280	82.96341463414635
84855134340	74.62208398133748
84855134400	68.93880597014926
84855134460	78.34883720930233
84855134520	72.40405616224649
84855134580	75.32484076433121
84855134640	83.5338078291815
84855134700	80.80099502487562
84855134760	76.9238578680203
84855134820	72.1475155279503
84855134880	73.77847113884556
84855134940	73.75552050473186
84855135000	70.0762331838565
84855135060	72.22439759036145
84855135120	76.14808652246256
84855135180	73.79510703363914
84855135240	72.87820512820512
84855135300	72.87402799377917
84855135360	74.234375
84855135420	68.21181556195965
84855135480	68.51315789473684
84855135540	71.05389221556887
84855135600	74.3849840255591
84855135660	78.00491803278689
84855135720	81.10229276895943
84855135780	69.473293768546
84855135840	67.02706552706553
84855135900	74.88057324840764
84855135960	79.75897435897436
84855136020	75.91304347826087
84855136080	71.90658499234303
84855136140	81.42248722316866
84855136200	75.40259740259741
84855136260	75.49675324675324
84855136320	70.41409691629956
84855136380	72.66359447004608
84855136440	77.63361344537815
84855136500	69.04775687409551
84855136560	73.17940717628706
84855136620	83.2756183745583
84855136680	68.98365527488856
84855136740	73.1001564945227
84855136800	81.26041666666667
84855136860	74.52738654147105
84855136920	75.01957585644372
84855136980	71.70632530120481
84855137040	71.19444444444444
84855137100	71.36212121212121
84855137160	76.53858520900322
84855137220	76.27552674230145
84855137280	77.11092985318108
84855137340	71.5975975975976
84855137400	81.31372549019608
84855137460	79.10177705977382
84855137520	78.75736568457539
84855137580	72.26791277258567
84855137640	75.42879746835443
84855137700	79.49149659863946
84855137760	77.04793388429752
84855137820	76.23274478330659
84855137880	67.15918958031838
84855137940	75.4
84855138000	69.84457478005865
84855138060	73.6280193236715
84855138120	67.29842180774749
84855138180	73.46976744186047
84855138240	75.21028037383178
84855138300	70.68365817091454
84855138360	69.75417298937785
84855138420	65.62885154061625
84855138480	74.30048465266559
84855138540	66.21739130434783
84855138600	71.9380664652568
84855138660	73.04395604395604
84855138720	68.49926793557833
84855138780	73.61466458658346
84855138840	71.92319277108433
84855138900	77.96838602329451
84855138960	85.81602914389799
84855139020	93.00984251968504
84855139080	99.26170212765958
84855139140	102.14830508474576
84855139200	106.64516129032258
84855139260	104.61206896551724
84855139320	112.4321608040201
84855139380	68.3150074294205
84855139440	69.47605224963715
84855139500	74.1993670886076
84855139560	81.20383275261324
84855139620	78.11166666666666
84855139680	67.79424460431655
84855139740	74.20217729393468
84855139800	89.2943469785575
84855139860	70.50879765395895
84855139920	80.58710801393728
84855139980	63.02312925170068
84855140040	83.35384615384615
84855140100	69.36283185840708
84855140160	72.38967136150235
84855140220	74.16559485530547
84855140280	67.51622002820875
84855140340	78.26994906621393
84855140400	70.25958702064896
84855140460	78.85378151260504
84855140520	75.94221508828251
84855140580	77.89315525876461
84855140640	80.5561224489796
84855140700	63.567081604426
84855140760	71.17496229260935
84855140820	73.29800307219662
84855140880	77.20132013201321
84855140940	79.43615257048093
84855141000	80.79577464788733
84855141060	79.26221498371335
84855141120	82.76965265082266
84855141180	70.2440119760479
84855141240	82.4632867132867
84855141300	73.58110236220472
84855141360	66.82658959537572
84855141420	67.23428571428572
84855141480	78.57425742574257
84855141540	64.9887482419128
84855141600	70.76934523809524
84855141660	83.96588868940754
84855141720	75.52258064516128
84855141780	72.8503086419753
84855141840	68.1348637015782
84855141900	80.28620102214651
84855141960	79.48217317487267
84855142020	74.00637958532695
84855142080	66.33333333333333
84855142140	73.34360554699538
84855142200	71.07335329341318
84855142260	75.6959349593496
84855142320	70.39823008849558
84855142380	75.22113821138211
84855142440	71.0257966616085
84855142500	82.5017730496454
84855142560	75.48584905660377
84855142620	80.96880415944541
84855142680	67.35446685878962
84855142740	82.74176776429809
84855142800	76.72194304857621
84855142860	79.84893267651888
84855142920	79.20695652173913
84855142980	87.125
84855143040	70.91815476190476
84855143100	76.96179401993355
84855143160	83.97682709447416
84855143220	75.41396103896103
84855143280	76.02711323763955
84855143340	73.33441033925686
84855143400	72.65553869499242
84855143460	83.11942959001783
84855143520	75.42096774193548
84855143580	66.44662921348315
84855143640	74.7834890965732
84855143700	75.77382875605817
84855143760	71.13500784929356
84855143820	71.59909909909909
84855143880	70.3245227606461
84855143940	64.83714285714285
84855144000	77.65032679738562
84855144060	74.63577235772358
84855144120	79.87768595041322
84855144180	74.73990306946688
84855144240	76.55245901639344
84855144300	82.48601398601399
84855144360	61.699867197875164
84855144420	73.70724191063174
84855144480	67.36918604651163
84855144540	77.56006493506493
84855144600	72.69122257053291
84855144660	78.03827751196172
84855144720	73.58524590163934
84855144780	74.11111111111111
84855144840	73.11526479750779
84855144900	75.1773162939297
84855144960	74.7808
84855145020	79.00167504187604
84855145080	78.62666666666667
84855145140	75.45410628019323
84855145200	73.76837060702876
84855145260	80.26166666666667
84855145320	80.52539404553416
84855145380	74.93064516129033
84855145440	73.70416024653312
84855145500	81.15986394557824
84855145560	71.01700154559505
84855145620	76.92409240924093
84855145680	80.32318104906938
84855145740	78.5641891891892
84855145800	71.0581222056632
84855145860	71.72307692307692
84855145920	77.49754500818331
84855145980	73.26107594936708
84855146040	75.38193343898574
84855146100	77.60097719869707
84855146160	86.30540037243948
84855146220	99.9496855345912
84855146280	92.94685039370079
84855146340	99.59322033898304
84855146400	81.39191564147627
84855146460	111.01149425287356
84855146520	98.93406593406593
84855146580	76.7890365448505
84855146640	77.3
84855146700	78.55743243243244
84855146760	79.12563667232598
84855146820	71.77061469265367
84855146880	80.39965095986038
84855146940	78.31967213114754
84855147000	84.38363636363637
84855147060	79.47938144329896
84855147120	79.96422487223168
84855147180	78.32673267326733
84855147240	72.93098159509202
84855147300	75.80577849117175
84855147360	78.14309210526316
84855147420	80.43893805309735
84855147480	73.7234375
84855147540	78.8984771573604
84855147600	75.12164296998421
84855147660	80.63903281519862
84855147720	81.81500872600348
84855147780	85.05357142857143
84855147840	73.40536277602524
84855147900	79.79663865546219
84855147960	90.78286852589642
84855148020	78.9244966442953
84855148080	75.5205047318612
84855148140	80.32302405498282
84855148200	76.0279605263158
84855148260	69.75
84855148320	73.89252336448598
84855148380	70.3373676248109
84855148440	72.91937984496124
84855148500	70.87779433681074
84855148560	81.20494699646643
84855148620	78.54276315789474
84855148680	76.58949096880131
84855148740	73.35849056603773
84855148800	72.40923076923077
84855148860	74.78434504792332
84855148920	79.14638157894737
84855148980	76.06510851419031
84855149040	73.0594353640416
84855149100	82.96942446043165
84855149160	71.0546282245827
84855149220	79.49395509499136
84855149280	71.9939024390244
84855149340	79.03918228279387
84855149400	87.66848816029145
84855149460	78.0068493150685
84855149520	82.04145936981757
84855149580	79.7410071942446
84855149640	82.73333333333333
84855149700	85.54029304029304
84855149760	77.78535773710483
84855149820	71.60643185298622
84855149880	79.58823529411765
84855149940	71.56352765321375
84855150000	87.71124031007751
84855150060	85.35753176043558
84855150120	78.46243739565944
84855150180	80.11804384485666
84855150240	78.53422370617696
84855150300	86.90583804143127
84855150360	83.3704347826087
84855150420	77.50083472454091
84855150480	81
84855150540	84.86524822695036
84855150600	79.15292096219932
84855150660	80.87586206896552
84855150720	90.76107899807322
84855150780	89.97777777777777
84855150840	87.4088291746641
84855150900	84.92652329749104
84855150960	78.685
84855151020	92.04581673306772
84855151080	81.72839506172839
84855151140	80.31632653061224
84855151200	75.56342668863262
84855151260	73.53669724770643
84855151320	76.52096774193548
84855151380	82.22145328719724
84855151440	83.62566844919786
84855151500	91.37524950099801
84855151560	84.59784560143626
84855151620	87.59594095940959
84855151680	71.35614307931571
84855151740	84.3080985915493
84855151800	74.43949044585987
84855151860	79.39333333333333
84855151920	78.03389830508475
84855151980	77.5107438016529
84855152040	83.72425828970331
84855152100	90.11354581673307
84855152160	74.23241590214067
84855152220	68.43426883308715
84855152280	88.90298507462687
84855152340	71.28197226502311
84855076080	58.169950738916256
84855076140	54.40668202764977
84855076200	51.3
84855076260	52.997752808988764
84855076320	52.98519362186788
84855076380	51.787187839305105
84855076440	58.99746835443038
84855076500	54.49473684210526
84855076560	55.65807962529274
84855076620	52.27099664053751
84855076680	50.765911542610574
84855076740	53.66134549600912
84855076800	52.24084350721421
84855076860	56.25508982035928
84855076920	53.738425925925924
84855076980	56.779927448609435
84855077040	52.79535398230089
84855077100	56.955259975816205
84855077160	55.60576923076923
84855077220	50.43304535637149
84855077280	52.37222222222222
84855077340	53.320498301245756
84855077400	55.21201413427562
84855077460	54.28290993071594
84855077520	52.63553530751708
84855077580	54.95697674418604
84855077640	54.956371986222734
84855077700	76.56089743589743
84855077760	80.29757785467127
84855077820	78.29642248722317
84855077880	75.83917197452229
84855077940	89.13345521023766
84855078000	59.68850267379679
84855078060	55.06319290465632
84855078120	55.595267745952675
84855078180	57.12899262899263
84855078240	56.019883040935675
84855078300	54.44549763033175
84855078360	57.532435740514074
84855078420	52.25027808676307
84855078480	50.801086956521736
84855078540	54.79094076655052
84855078600	56.427033492822964
84855078660	56.33293269230769
84855078720	48.42901554404145
84855078780	58.968710888610765
84855078840	53.37248322147651
84855078900	55.0046783625731
84855078960	53.69872537659328
84855079020	59.031847133757964
84855079080	52.66077348066298
84855079140	61.879629629629626
84855079200	54.31271878646441
84855079260	50.90228013029316
84855079320	54.688734030197445
84855079380	53.75545350172216
84855079440	58.45692883895131
84855079500	51.6794731064764
84855079560	50.22621564482029
84855079620	51.00109409190372
84855079680	51.11062906724512
84855079740	56.38809523809524
84855079800	53.0367816091954
84855079860	58.75061425061425
84855079920	56.28519417475728
84855079980	56.41204819277108
84855080040	55.02930832356389
84855080100	52.382385730211816
84855080160	52.973184357541896
84855080220	51.63403781979978
84855080280	57.253071253071255
84855080340	54.2134703196347
84855080400	54.772885283893395
84855080460	54.332179930795846
84855080520	56.517704517704516
84855080580	54.18265895953757
84855080640	52.149286498353455
84855080700	58.96365914786968
84855080760	56.60576923076923
84855080820	58.45671267252196
84855080880	52.32994350282486
84855080940	58.57213930348259
84855081000	56.49278846153846
84855081060	55.55844155844156
84855081120	52.8
84855081180	56.36911942098914
84855081240	57.795765877957656
84855081300	76.97899838449112
84855081360	77.09967320261438
84855081420	76.94516129032257
84855081480	78.83132530120481
84855081540	80.49666666666667
84855081600	60.343582887700535
84855081660	56.34601664684899
84855081720	54.66981132075472
84855081780	53.946039035591276
84855081840	54.556329849012776
84855081900	53.68891402714932
84855081960	56.326829268292684
84855082020	51.82532751091703
84855082080	73.57120253164557
84855082140	57.75896168108776
84855082200	53.46628571428572
84855082260	53.35168539325843
84855082320	52.97392290249433
84855082380	51.48401323042999
84855082440	54.52768361581921
84855082500	60.597951344430214
84855082560	56.74
84855082620	53.38662131519274
84855082680	54.74235294117647
84855082740	58.73760580411125
84855082800	60.0956749672346
84855082860	58.12871287128713
84855082920	59.09240506329114
84855082980	52.56347438752784
84855083040	56.420738974970206
84855083100	57.31695331695332
84855083160	56.017857142857146
84855083220	58.10780669144982
84855083280	55.62056737588652
84855083340	55.09976525821596
84855083400	58.824273072060684
84855083460	61.053385416666664
84855083520	59.85605095541401
84855083580	62.23421052631579
84855083640	66.34084507042253
84855083700	56.069212410501194
84855083760	55.94251497005988
84855083820	62.11788079470199
84855083880	60.38501291989664
84855083940	55.509433962264154
84855084000	62.2870249017038
84855084060	61.98826597131682
84855084120	61.88
84855084180	61.2904073587385
84855084240	58.09158415841584
84855084300	60.255076142131976
84855084360	60.25162127107652
84855084420	60.08248730964467
84855084480	54.568396226415096
84855084540	58.025957972805934
84855084600	62.19842312746386
84855084660	60.29015544041451
84855084720	58.03272727272727
84855084780	55.52272727272727
84855084840	61.555266579973996
84855084900	77.99178981937602
84855084960	84.07608695652173
84855085020	82.78809106830123
84855085080	77.66174055829228
84855085140	91.42144177449168
84855085200	90.24948875255623
84855085260	63.88456375838926
84855085320	56.21208384710234
84855085380	59.89226869455006
84855085440	56.96049382716049
84855085500	62.162760416666664
84855085560	53.877456647398844
84855085620	56.44484412470024
84855085680	59.39496855345912
84855085740	58.68440594059406
84855085800	56.77859778597786
84855085860	59.50636132315522
84855085920	61.02857142857143
84855085980	60.48843187660668
84855086040	59.317224287484514
84855086100	59.795165394402034
84855086160	60.2565445026178
84855086220	57.885749385749385
84855086280	66.04895104895105
84855086340	58.088592233009706
84855086400	58.55283505154639
84855086460	56.23250296559905
84855086520	58.32503113325031
84855086580	55.06572769953052
84855086640	58.01343101343102
84855086700	62.229222520107236
84855086760	58.074812967581046
84855086820	54.31833910034602
84855086880	62.38026315789474
84855086940	58.98129675810474
84855087000	57.432330827067666
84855087060	57.434052757793765
84855087120	64.41103448275862
84855087180	61.50582147477361
84855087240	61.76778523489933
84855087300	55.35064935064935
84855087360	58.41975308641975
84855087420	62.89452603471295
84855087480	60.47483870967742
84855087540	56.95238095238095
84855087600	60.06923076923077
84855087660	65.47412587412587
84855087720	53.0518018018018
84855087780	61.73324572930355
84855087840	58.471014492753625
84855087900	62.53413654618474
84855087960	58.6746835443038
84855088020	60.83638743455497
84855088080	64.0600272851296
84855088140	58.986301369863014
84855088200	59.63682864450128
84855088260	60.13154533844189
84855088320	58.39473684210526
84855088380	56.82437275985663
84855088440	59.13705583756345
84855088500	53.96317606444189
84855088560	58.1044776119403
84855088620	61.836708860759494
84855088680	90.97216699801193
84855088740	76.64490445859873
84855088800	84.60853432282003
84855088860	80.93841166936791
84855088920	85.8050193050193
84855088980	76.921926910299
84855089040	65.31484049930651
84855089100	56.112454655380894
84855089160	57.565693430656935
84855089220	57.93120393120393
84855089280	62.42297297297297
84855089340	56.09810874704492
84855089400	58.07008760951189
84855089460	62.42913385826772
84855089520	65.85492957746479
84855089580	65.47434119278779
84855089640	58.60393603936039
84855089700	64.9432132963989
84855089760	59.56420233463035
84855089820	59.450439146800505
84855089880	55.967818831942786
84855089940	63.93080054274084
84855090000	57.72469135802469
84855090060	61.760416666666664
84855090120	58.56826568265683
84855090180	57.18181818181818
84855090240	57.1760391198044
84855090300	59.32025316455696
84855090360	64.35588633288228
84855090420	66.32768361581921
84855090480	62.744911804613295
84855090540	60.58492975734355
84855090600	65.85273492286115
84855090660	65.22672064777328
84855090720	61.038978494623656
84855090780	58.1750924784217
84855090840	63.32472826086956
84855090900	59.37203495630462
84855090960	55.493397358943575
84855091020	59.33870967741935
84855091080	57.325552825552826
84855091140	59.74775928297055
84855091200	63.01593625498008
84855091260	61.95844504021448
84855091320	59.903430749682336
84855091380	57.40969696969697
84855091440	56.70517448856799
84855091500	60.135849056603774
84855091560	56.24594257178527
84855091620	54.93402777777778
84855091680	54.53970080552359
84855091740	59.64203821656051
84855091800	57.44685990338164
84855091860	62.43301759133965
84855091920	61.145994832041346
84855091980	55.66986794717887
84855092040	62.41644908616188
84855092100	70.61940298507463
84855092160	77.9271186440678
84855092220	88.46983546617916
84855092280	82.38898756660745
84855092340	90.59510357815442
84855092400	83.66055045871559
84855092460	63.856951871657756
84855092520	62.54965986394558
84855092580	61.47712418300654
84855092640	58.73764258555133
84855092700	59.29125
84855092760	60.12870012870013
84855092820	60.970360824742265
84855092880	62.73513513513514
84855092940	60.53238341968912
84855093000	62.53063885267275
84855093060	61.04302477183833
84855093120	55.69304556354916
84855093180	57.722155688622756
84855093240	60.01552393272962
84855093300	58.881012658227846
84855093360	58.900889453621346
84855093420	65.97802197802197
84855093480	66.21337126600284
84855093540	59.33163913595934
84855093600	62.45695364238411
84855093660	56.90997566909976
84855093720	60.96618985695709
84855093780	59.82420382165605
84855093840	55.93168433451119
84855093900	60.14987080103359
84855093960	61.69668874172186
84855094020	63.431057563587686
84855094080	58.378580323785805
84855094140	61.35225806451613
84855094200	64.797783933518
84855094260	58.35531135531136
84855094320	60.68127490039841
84855094380	58.920953575909664
84855094440	57.83746898263027
84855094500	57.91748768472906
84855094560	60.851522842639596
84855094620	58.97106918238994
84855094680	58.93638676844784
84855094740	62.80952380952381
84855094800	58.23134328358209
84855094860	60.42783505154639
84855094920	62.048177083333336
84855094980	62.537433155080215
84855095040	60.78080415045395
84855095100	62.250332889480696
84855095160	60.77979274611399
84855095220	60.87450980392157
84855095280	65.74233983286908
84855095340	60.015306122448976
84855095400	64.43442622950819
84855095460	58.37171464330413
84855095520	58.85069008782936
84855095580	63.441767068273094
84855095640	59.285714285714285
84855095700	74.90048154093098
84855095760	89.22545454545454
84855095820	87.45261121856866
84855095880	77.51315789473684
84855095940	82.40545144804089
84855096000	84.43097014925372
84855096060	65.47534246575343
84855096120	58.94079794079794
84855096180	60.08629441624365
84855096240	57.605947955390334
84855096300	60.4788189987163
84855096360	57.278928136419005
84855096420	59.99225806451613
84855096480	63.05256064690027
84855096540	60.753846153846155
84855096600	55.153936545240896
84855096660	59.99872448979592
84855096720	59.958015267175576
84855096780	61.8012987012987
84855096840	60.214193548387094
84855096900	65.86065573770492
84855096960	60.189907038512615
84855097020	61.94140625
84855097080	62.481283422459896
84855097140	55.62019230769231
84855097200	64.77747252747253
84855097260	61.87890625
84855097320	72.15372670807453
84855097380	63.0427807486631
84855097440	61.01052631578948
84855097500	56.39027283511269
84855097560	62.216577540106954
84855097620	63.477333333333334
84855097680	61.96965699208443
84855097740	59.93426042983565
84855097800	63.95397489539749
84855097860	68.38461538461539
84855097920	58.35496183206107
84855097980	64.60635359116021
84855098040	63.7351724137931
84855098100	64.37364130434783
84855098160	60.21235521235521
84855098220	59.77370417193426
84855098280	63.8841961852861
84855098340	62.372574385510994
84855098400	63.43254520166899
84855098460	63.916438356164385
84855098520	65.05524861878453
84855098580	66.30812324929973
84855098640	66.53333333333333
84855183540	85.68884892086331
84855183600	82.59304347826087
84855183660	89.19807692307693
84855183720	91.37596899224806
84855183780	89.39923224568138
84855183840	88.8655303030303
84855183900	91.05780346820809
84855183960	83.57932263814617
84855184020	79.31889081455806
84855184080	80.38397328881469
84855184140	90.88761904761905
84855184200	80.71201413427562
84855184260	76.4
84855184320	83.92391304347827
84855184380	82.66490299823633
84855184440	85.21238938053098
84855184500	90.91666666666667
84855184560	79.11844331641286
84855184620	84.29982046678636
84855184680	85.01261261261261
84855184740	79.2271186440678
84855184800	81.29118136439268
84855184860	86.78502879078695
84855184920	82.36170212765957
84855184980	82.50510204081633
84855185040	79.13689482470785
84855185100	86.04905660377358
84855185160	84.82218309859155
84855185220	92.78243512974052
84855185280	86.93621013133209
84855185340	81.19204152249135
84855185400	88.81714285714285
84855185460	90.359375
84855185520	83.22654867256637
84855185580	85.00355239786856
84855185640	95.6797520661157
84855185700	83.00891265597149
84855185760	85.295025728988
84855185820	83.81698113207547
84855185880	83.1590909090909
84855185940	82.30244755244755
84855186000	96.4753086419753
84855186060	96.54117647058824
84855186120	95.44703389830508
84855186180	80.41880341880342
84855186240	92.14677103718199
84855186300	98.51054852320675
84855186360	82.62811387900356
84855186420	88.71106941838649
84855186480	91.25384615384615
84855186540	84.34635879218473
84855186600	86.090573012939
84855186660	77.80135823429542
84855186720	88.07303370786516
84855186780	93.9802371541502
84855186840	87.64065335753176
84855186900	94.27634194831013
84855186960	93.68686868686869
84855187020	79.20695652173913
84855187080	84.278276481149
84855187140	85.30514705882354
84855187200	88.88468468468469
84855187260	85.98698884758365
84855187320	94.3477366255144
84855187380	85.86846846846846
84855187440	99.54193548387097
84855187500	87.2294776119403
84855187560	73.91962905718702
84855187620	82.39007092198581
84855187680	74.69502407704655
84855187740	84.18739352640546
84855187800	88.44466403162055
84855187860	94.58754863813229
84855187920	85.5328330206379
84855187980	93.23137254901961
84855188040	85.98342541436465
84855188100	88.72296015180265
84855188160	89.62622309197651
84855188220	86.4661921708185
84855188280	87.61048689138576
84855188340	105.13092550790067
84855188400	81.42424242424242
84855188460	89.28571428571429
84855188520	88.12710280373832
84855188580	94.42574257425743
84855188640	91.09315589353612
84855188700	88.81558935361217
84855188760	75.21630615640599
84855188820	85.42477876106194
84855188880	90.30830039525692
84855188940	80.06164383561644
84855189000	79.97666666666667
84855189060	91.87015503875969
84855189120	82.59652173913044
84855189180	79.70526315789473
84855189240	85.83333333333333
84855189300	90.23255813953489
84855189360	94.2936507936508
84855189420	121.1225
84855189480	131.4985835694051
84855189540	147.81176470588235
84855189600	110.78497409326425
84855189660	128.46831955922866
84855189720	111.17703349282297
84855189780	106.94157303370787
84855189840	114.49507389162562
84855189900	101.4468546637744
84855189960	96.44238683127573
84855190020	92.12966601178782
84855190080	82.67304347826087
84855190140	87.03690036900369
84855190200	87.86270871985158
84855190260	82.27112676056338
84855190320	78.63730569948187
84855190380	89.92710280373832
84855190440	92.09770114942529
84855190500	90.05068226120858
84855190560	88.19056603773585
84855190620	89.96686159844054
84855190680	97.04508196721312
84855190740	76.75934959349594
84855190800	90.70306513409962
84855190860	86.708719851577
84855190920	98.66666666666667
84855190980	97.02702702702703
84855191040	87.40331491712708
84855191100	87.82986767485822
84855191160	90.81467181467181
84855191220	82.20701754385965
84855191280	94.09552845528455
84855191340	102.66801619433198
84855191400	80.67695099818512
84855191460	91.51282051282051
84855191520	92.77821011673151
84855191580	89.15559772296015
84855191640	98.88771186440678
84855191700	92.41325536062378
84855191760	90.18093385214007
84855191820	80.12353923205342
84855191880	82.7831541218638
84855191940	88.87735849056604
84855192000	85.05797101449275
84855192060	97.73375262054508
84855192120	91.11673151750973
84855192180	93.38446601941747
84855192240	80.20446735395188
84855192300	83.78169014084507
84855192360	92.67272727272727
84855192420	83.39059674502712
84855192480	87.30935251798562
84855192540	106.32949308755761
84855192600	80.36073825503355
84855192660	88.97936210131333
84855192720	92.24335378323109
84855192780	89.75478927203065
84855192840	80.5813953488372
84855192900	92.80160320641282
84855192960	85.62637362637362
84855193020	87.09800362976407
84855193080	96.72536687631028
84855193140	87.34476534296029
84855193200	95.28329809725159
84855193260	90.40221402214023
84855193320	92.46478873239437
84855193380	106.70361990950227
84855193440	81.37225042301185
84855193500	101.55432372505543
84855193560	91.23976608187135
84855193620	98.83297644539614
84855193680	86.57586837294333
84855193740	86.09007352941177
84855193800	100.94202898550725
84855193860	100.13004484304933
84855193920	89.44402985074628
84855193980	91.62330097087379
84855194040	76.52467105263158
84855194100	87.45338208409507
84855194160	78.2820945945946
84855194220	87.69158878504673
84855194280	102.1608695652174
84855194340	103.08552631578948
84855194400	90.03703703703704
84855194460	82.92320819112628
84855194520	96.71069182389937
84855194580	83.36823104693141
84855194640	81.42614601018676
84855194700	84.82789855072464
84855194760	89.55947955390334
84855194820	101.07207207207207
84855194880	90.63899613899613
84855194940	89.3490909090909
84855195000	91.84756097560975
84855195060	91.30434782608695
84855195120	72.68403908794788
84855195180	76.66557911908646
84855195240	95.77821782178218
84855195300	94.47272727272727
84855195360	103.54065934065935
84855195420	95.1849593495935
84855195480	90.44145873320538
84855195540	87.8157894736842
84855195600	96.36008230452676
84855195660	74.85782747603834
84855195720	87.08545454545454
84855195780	85.85474860335195
84855195840	100.86514522821577
84855195900	86.68207024029574
84855195960	97.36024844720497
84855196020	86.9942748091603
84855196080	97.83975659229209
84855196140	92.82978723404256
84855196200	93.98333333333333
84855196260	86.9280442804428
84855196320	91.46153846153847
84855196380	85.6231884057971
84855196440	91.37548638132296
84855196500	89.61494252873563
84855196560	84.01104972375691
84855196620	86.55935251798562
84855196680	94.59475806451613
84855196740	83.14808362369338
84855196800	95.2244488977956
84855196860	96.19624217118998
84855196920	93.79092702169625
84855196980	91.00571428571429
84855197040	102.89755011135857
84855197100	87.38191881918819
84855197160	112.05896805896806
84855197220	88.74108818011257
84855197280	92.98440545808967
84855197340	94.78296146044624
84855197400	98.86723768736617
84855197460	81.76083188908146
84855197520	77.58291457286433
84855197580	76.51510333863276
84855197640	97.76763485477179
84855197700	90.76893203883495
84855197760	88.55038759689923
84855197820	88.708719851577
84855197880	93.25343811394892
84855197940	90.10331384015595
84855198000	82.44542253521126
84855198060	84.95519713261649
84855198120	93.09448818897638
84855198180	94.45418326693228
84855198240	89.2247619047619
84855198300	79.63513513513513
84855198360	87.8952380952381
84855198420	81.34380453752182
84855198480	89.10428305400373
84855198540	86.84408602150538
84855198600	85.1338432122371
84855198660	90.42015209125475
84855198720	89.04214559386973
84855198780	99.02680412371134
84855198840	84.64909090909092
84855198900	89.41650671785028
84855198960	89.2701688555347
84855199020	83.66425992779783
84855199080	90.4905303030303
84855199140	81.92239858906525
84855199200	95.72819472616632
84855199260	87.16287878787878
84855199320	94.38671875
84855199380	86.57598499061913
84855199440	90.39961759082217
84855199500	94.70576540755467
84855199560	90.56349206349206
84855199620	86.70932358318099
84855199680	83.87027027027027
84855199740	86.19152854511971
84855199800	96.5421686746988
84855199860	88.00187265917603
84855199920	102.75599128540306
84855199980	90.53448275862068
84855200040	90.56633663366337
84855200100	90.52037037037037
84855200160	92.54713114754098
84855200220	97.30321285140562
84855200280	107.69976905311778
84855200340	112.06546275395034
84855200400	128.33898305084745
84855200460	109.63480392156863
84855200520	119.12531328320802
84855200580	117.00242718446601
84855200640	129.65266106442576
84855200700	95.30434782608695
84855200760	83.61121157323689
84855200820	83.43085106382979
84855200880	83.77758318739055
84855200940	93.448
84855201000	86.64325323475046
84855201060	86.17216117216117
84855201120	90.00193798449612
84855201180	84.29203539823008
84855201240	89.3409090909091
84855201300	97.94834710743801
84855201360	93.78727634194831
84855201420	84.42803738317757
84855201480	97.7390438247012
84855201540	98.09493670886076
84855201600	79.63380281690141
84855201660	81.91341256366724
84855201720	94.53483606557377
84855201780	91.22417153996102
84855201840	83.59010600706713
84855201900	83.60070671378092
84855201960	98.16460905349794
84855202020	99.89978213507625
84855202080	96.09445585215606
84855202140	100.08686868686868
84855202200	96.56043956043956
84855202260	91.95864661654136
84855202320	86.38697318007662
84855202380	87.90458015267176
84855202440	91.23622047244095
84855202500	85.43714821763602
84855202560	85.25137614678899
84855202620	89.12185686653771
84855202680	81.80505415162455
84855202740	86.79809523809524
84855202800	83.10382513661202
84855202860	83.25925925925925
84855202920	93.51503006012024
84855202980	85.46692607003891
84855203040	91.03231939163499
84855203100	84.14835164835165
84855203160	80.57014388489209
84855203220	95.12159329140461
84855203280	84.37321428571428
84855203340	97.07922912205568
84855203400	75.22522522522523
84855203460	78.84875444839858
84855203520	95.22814498933901
84855203580	80.02583025830258
84855203640	98.33035714285714
84855203700	72.41582491582491
84855203760	95.58604651162791
84855203820	72.0304054054054
84855203880	77.25093632958801
84855203940	77.58259325044405
84855204000	84.71069182389937
84855204060	84.1030534351145
84855204120	86.65
84855204180	96.95539906103286
84855204240	77.62235067437379
84855204300	81.16633266533066
84855204360	74.88888888888889
84855204420	61.890965732087224
84855204480	77.06576402321083
84855204540	75.63883495145632
84855204600	74.8375241779497
84855204660	79.15768463073853
84855204720	73.85220729366603
84855204780	81.02258726899385
84855204840	89.37735849056604
84855204900	82.8409090909091
84855204960	68.42549019607843
84855205020	73.11919191919192
84855205080	63.08978873239437
84855205140	70.79025423728814
84855205200	63.22659176029963
84855205260	70.24066390041494
84855205320	62.707843137254905
84855205380	56.80419580419581
84855205440	65.94827586206897
84855205500	56.190751445086704
84855205560	52.46608695652174
84855205620	56.69246861924686
84855205680	61.748979591836736
84855205740	51.34241245136187
84855205800	54.7
84855205860	51.682377049180324
84855205920	54.364896073903004
84855205980	53.87308533916849
84855206040	47.5859375
84855206100	54.56410256410256
84855206160	44.00743494423792
84855206220	47.819607843137256
84855206280	51.99782608695652
84855206340	50.60377358490566
84855206400	51.1875
84855206460	50.46695095948827
84855206520	47.02707930367505
84855206580	49.817047817047815
84855206640	57.87951807228916
84855206700	52.81098901098901
84855206760	55.17016317016317
84855206820	53.24780701754386
84855206880	58.28260869565217
84855206940	53.522624434389144
84855207000	53.06208425720621
84855207060	47.08730158730159
84855207120	56.48705882352941
84855207180	55.36281179138322
84855207240	49.93167701863354
84855207300	48.197154471544714
84855207360	54.15261958997722
84855207420	46.49325626204239
84855207480	48.06653225806452
84855207540	48.80040322580645
84855207600	48.510245901639344
84855207660	51.72631578947368
84855207720	55.45497630331754
84855207780	57.19529411764706
84855207840	48.73662551440329
84855207900	50.22268907563025
84855207960	53.323974082073434
84855208020	52.586283185840706
84855208080	50.835140997830806
84855208140	50.81799163179916
84855208200	61.80904522613066
84855208260	47.57459677419355
84855208320	48.625
84855208380	51.80561555075594
84855208440	45.05893536121673
84855208500	50.732365145228215
84855208560	51.832244008714596
84855208620	43.841911764705884
84855208680	57.891304347826086
84855208740	51.8412017167382
84855208800	50.081932773109244
84855208860	53.50551876379691
84855208920	53.25560538116592
84855208980	51.93088552915767
84855209040	52.9070796460177
84855209100	52.6703056768559
84855209160	60.187179487179485
84855209220	52.56399132321041
84855209280	48.093069306930694
84855209340	54.74666666666667
84855209400	53.69703872437358
84855209460	51.172413793103445
84855209520	45.87937743190661
84855209580	44.46292947558771
84855209640	50.62046908315565
84855209700	48.51219512195122
84855209760	45.801904761904765
84855209820	53.89115646258504
84855209880	52.333333333333336
84855209940	48.634854771784234
84855210000	55.27168949771689
84855210060	50.64556962025316
84855210120	52.56427015250544
84855210180	48.20440881763527
84855210240	52.849223946784925
84855210300	46.57085828343313
84855210360	51.80982905982906
84855210420	50.08884297520661
84855210480	48.58452138492871
84855210540	48.35222672064777
84855210600	45.54493307839388
84855210660	53.133037694013304
84855210720	53.7308533916849
84855210780	55.35402298850575
84855210840	46.63333333333333
84855210900	47.61770623742455
84855210960	55.72027972027972
84855211020	48.8235294117647
84855211080	70.71130952380952
84855211140	74.73432835820896
84855211200	82.0034965034965
84855211260	95.47490347490347
84855211320	74.8360655737705
84855211380	51.42887473460722
84855211440	52.83482142857143
84855211500	47.39223300970874
84855211560	49.18333333333333
84855211620	56.43364928909953
84855211680	51.94347826086957
84855211740	50.29621848739496
84855211800	47.883629191321496
84855211860	49.99588477366255
84855211920	46.40755467196819
84855211980	47.75247524752475
84855212040	51.10020876826722
84855212100	48.63967611336032
84855212160	52.602222222222224
84855212220	49.90736842105263
84855212280	52.477223427331886
84855212340	55.17471264367816
84855212400	45.68380952380952
84855212460	47.521126760563384
84855212520	46.801923076923075
84855212580	47.611222444889776
84855212640	49.81875
84855212700	50.091649694501015
84855212760	49.45877378435518
84855212820	48.55443548387097
84855212880	57.69689737470167
84855212940	51.58985200845666
84855213000	47.04618473895582
84855213060	57.60381861575179
84855213120	49.86736842105263
84855213180	48.30417495029821
84855213240	46.919291338582674
84855213300	50.05696202531646
84855213360	52.52838427947598
84855213420	48.42284569138277
84855213480	50.04621848739496
84855213540	51.913419913419915
84855213600	46.0621359223301
84855213660	46.803883495145634
84855213720	46.48727984344423
84855213780	52.6797385620915
84855213840	52.91360691144708
84855213900	58.06987951807229
84855213960	50.524945770065074
84855214020	52.24520255863539
84855214080	52.304250559284114
84855214140	52.930283224400874
84855214200	47.50704225352113
84855214260	47.372549019607845
84855214320	48.03636363636364
84855214380	49.541414141414144
84855214440	52.37555555555556
84855214500	51.03632478632478
84855214560	46.00952380952381
84855214620	48.729166666666664
84855214680	48.74418604651163
84855214740	46.657314629258515
84855214800	53.548235294117646
84855214860	49.233333333333334
84855214920	48.56086956521739
84855214980	50.46203904555315
84855215040	47.42372881355932
84855215100	48.58314855875832
84855215160	47.28322440087146
84855215220	45.24180327868852
84855215280	49.736486486486484
84855215340	49.77777777777778
84855215400	49.50113378684807
84855215460	48.17767653758542
84855215520	45.01720430107527
84855215580	47.026905829596416
84855215640	48.15071770334928
84855215700	49.76732673267327
84855215760	40.08847736625514
84855215820	41.96631578947368
84855215880	39.61643835616438
84855215940	38.72673267326733
84855216000	38.86767895878525
84855216060	35.625246548323474
84855216120	38.031847133757964
84855216180	42.11007025761124
84855216240	34.85880077369439
84855216300	34.85281385281385
84855216360	32.154525386313466
84855216420	33.12405063291139
84855216480	32.30673316708229
84855216540	34.61497326203209
84855216600	33.94559585492228
84855216660	31.442822384428222
84855216720	36.88825214899713
84855216780	35.47010869565217
84855216840	34.44266666666667
84855216900	33.697916666666664
84855216960	35.85205479452055
84855217020	33.015584415584414
84855217080	34.24166666666667
84855217140	32.89295774647887
84855217200	35.36094674556213
84855217260	28.713917525773194
84855217320	28.198979591836736
84855217380	30.76487252124646
84855217440	28.109414758269722
84855217500	29.744807121661722
84855217560	26.033854166666668
84855217620	27.076294277929154
84855217680	25.33678756476684
84855217740	23.028350515463917
84855217800	23.292746113989637
84855217860	22.69761273209549
84855217920	18.671875
84855217980	17.534825870646767
84855218040	17.25
84855218100	12.446078431372548
84855218160	8.558823529411764
84855218220	6.465909090909091
