"84855161400"	175
"84855161460"	147
"84855161520"	157
"84855161580"	132
"84855161640"	145
"84855161700"	179
"84855161760"	130
"84855161820"	147
"84855161880"	147
"84855161940"	136
"84855162000"	136
"84855162060"	170
"84855162120"	155
"84855162180"	133
"84855162240"	169
"84855162300"	140
"84855162360"	160
"84855162420"	135
"84855162480"	146
"84855162540"	152
"84855162600"	168
"84855162660"	149
"84855162720"	168
"84855162780"	169
"84855162840"	163
"84855162900"	146
"84855162960"	140
"84855163020"	152
"84855163080"	145
"84855163140"	124
"84855163200"	164
"84855163260"	127
"84855163320"	155
"84855163380"	155
"84855163440"	171
"84855163500"	159
"84855163560"	146
"84855163620"	176
"84855163680"	165
"84855163740"	141
"84855163800"	120
"84855163860"	148
"84855163920"	157
"84855163980"	169
"84855164040"	165
"84855164100"	150
"84855164160"	145
"84855164220"	183
"84855164280"	164
"84855164340"	168
"84855164400"	122
"84855164460"	158
"84855164520"	154
"84855164580"	143
"84855164640"	136
"84855164700"	158
"84855164760"	152
"84855164820"	147
"84855164880"	141
"84855164940"	155
"84855165000"	173
"84855165060"	140
"84855165120"	148
"84855165180"	139
"84855165240"	152
"84855165300"	150
"84855165360"	123
"84855165420"	158
"84855165480"	127
"84855165540"	148
"84855165600"	168
"84855165660"	133
"84855165720"	162
"84855165780"	167
"84855165840"	167
"84855165900"	182
"84855165960"	159
"84855166020"	149
"84855166080"	164
"84855166140"	164
"84855166200"	173
"84855166260"	147
"84855166320"	165
"84855166380"	178
"84855166440"	146
"84855166500"	147
"84855166560"	147
"84855166620"	162
"84855166680"	165
"84855166740"	142
"84855166800"	180
"84855166860"	149
"84855166920"	154
"84855166980"	127
"84855167040"	132
"84855167100"	133
"84855167160"	134
"84855167220"	163
"84855167280"	144
"84855167340"	171
"84855167400"	158
"84855167460"	131
"84855167520"	164
"84855167580"	153
"84855167640"	157
"84855167700"	169
"84855167760"	173
"84855167820"	108
"84855167880"	96
"84855167940"	125
"84855168000"	109
"84855168060"	115
"84855168120"	119
"84855168180"	98
"84855168240"	145
"84855168300"	147
"84855168360"	163
"84855168420"	168
"84855168480"	166
"84855168540"	162
"84855168600"	132
"84855168660"	149
"84855168720"	141
"84855168780"	141
"84855168840"	168
"84855168900"	190
"84855168960"	161
"84855169020"	151
"84855169080"	138
"84855169140"	140
"84855169200"	162
"84855169260"	134
"84855169320"	149
"84855169380"	128
"84855169440"	155
"84855169500"	151
"84855169560"	160
"84855169620"	140
"84855169680"	151
"84855169740"	120
"84855169800"	164
"84855169860"	156
"84855169920"	136
"84855169980"	141
"84855170040"	165
"84855170100"	137
"84855170160"	172
"84855170220"	140
"84855170280"	162
"84855170340"	141
"84855170400"	150
"84855170460"	148
"84855170520"	169
"84855170580"	134
"84855170640"	146
"84855170700"	159
"84855170760"	145
"84855170820"	149
"84855170880"	182
"84855170940"	139
"84855171000"	125
"84855171060"	151
"84855171120"	147
"84855171180"	139
"84855171240"	154
"84855171300"	147
"84855171360"	143
"84855171420"	171
"84855171480"	129
"84855171540"	125
"84855171600"	156
"84855171660"	129
"84855171720"	161
"84855171780"	169
"84855171840"	142
"84855171900"	132
"84855171960"	153
"84855172020"	162
"84855172080"	146
"84855172140"	137
"84855172200"	144
"84855172260"	157
"84855172320"	126
"84855172380"	168
"84855172440"	150
"84855172500"	144
"84855172560"	130
"84855172620"	154
"84855172680"	146
"84855172740"	145
"84855172800"	133
"84855172860"	164
"84855172920"	149
"84855172980"	159
"84855173040"	144
"84855173100"	161
"84855173160"	154
"84855173220"	177
"84855173280"	149
"84855173340"	176
"84855173400"	156
"84855173460"	133
"84855173520"	147
"84855173580"	161
"84855173640"	122
"84855173700"	149
"84855173760"	142
"84855173820"	128
"84855173880"	126
"84855173940"	123
"84855174000"	145
"84855174060"	158
"84855174120"	165
"84855174180"	132
"84855174240"	142
"84855174300"	136
"84855174360"	160
"84855174420"	146
"84855174480"	155
"84855174540"	129
"84855174600"	128
"84855174660"	152
"84855174720"	147
"84855174780"	156
"84855174840"	127
"84855174900"	158
"84855174960"	152
"84855175020"	114
"84855175080"	130
"84855175140"	119
"84855175200"	117
"84855175260"	111
"84855175320"	97
"84855175380"	110
"84855175440"	155
"84855175500"	155
"84855175560"	160
"84855175620"	128
"84855175680"	120
"84855175740"	157
"84855175800"	157
"84855175860"	141
"84855175920"	138
"84855175980"	144
"84855176040"	137
"84855176100"	120
"84855176160"	128
"84855176220"	165
"84855176280"	171
"84855176340"	142
"84855176400"	135
"84855176460"	141
"84855176520"	160
"84855176580"	165
"84855176640"	144
"84855176700"	166
"84855176760"	142
"84855176820"	143
"84855176880"	154
"84855176940"	148
"84855177000"	144
"84855177060"	133
"84855177120"	155
"84855177180"	138
"84855177240"	152
"84855177300"	145
"84855177360"	170
"84855177420"	176
"84855177480"	173
"84855177540"	138
"84855177600"	162
"84855177660"	147
"84855177720"	149
"84855177780"	143
"84855177840"	157
"84855177900"	129
"84855177960"	148
"84855178020"	136
"84855178080"	159
"84855178140"	146
"84855178200"	149
"84855178260"	155
"84855178320"	120
"84855178380"	144
"84855178440"	153
"84855178500"	156
"84855178560"	154
"84855178620"	133
"84855178680"	137
"84855178740"	155
"84855178800"	106
"84855178860"	133
"84855178920"	132
"84855178980"	162
"84855179040"	153
"84855179100"	148
"84855179160"	153
"84855179220"	151
"84855179280"	161
"84855179340"	152
"84855179400"	160
"84855179460"	166
"84855179520"	165
"84855179580"	131
"84855179640"	127
"84855179700"	129
"84855179760"	137
"84855179820"	178
"84855179880"	126
"84855179940"	138
"84855180000"	132
"84855180060"	143
"84855180120"	156
"84855180180"	155
"84855180240"	161
"84855180300"	165
"84855180360"	147
"84855180420"	124
"84855180480"	154
"84855180540"	170
"84855180600"	126
"84855180660"	126
"84855180720"	132
"84855180780"	133
"84855180840"	156
"84855180900"	144
"84855180960"	151
"84855181020"	138
"84855181080"	158
"84855181140"	151
"84855181200"	147
"84855181260"	125
"84855181320"	157
"84855181380"	145
"84855181440"	130
"84855181500"	141
"84855181560"	155
"84855181620"	148
"84855181680"	179
"84855181740"	161
"84855181800"	159
"84855181860"	151
"84855181920"	143
"84855181980"	147
"84855182040"	139
"84855182100"	138
"84855182160"	138
"84855182220"	121
"84855182280"	106
"84855182340"	127
"84855182400"	98
"84855182460"	83
"84855182520"	94
"84855182580"	102
"84855182640"	113
"84855182700"	120
"84855182760"	168
"84855182820"	156
"84855182880"	136
"84855182940"	113
"84855183000"	129
"84855183060"	134
"84855183120"	157
"84855183180"	152
"84855183240"	157
"84855183300"	137
"84855183360"	134
"84855183420"	160
"84855183480"	121
"84855183540"	152
"84855183600"	153
"84855183660"	132
"84855183720"	142
"84855183780"	120
"84855183840"	129
"84855183900"	128
"84855183960"	148
"84855184020"	135
"84855184080"	160
"84855184140"	135
"84855184200"	160
"84855184260"	164
"84855184320"	135
"84855184380"	146
"84855184440"	144
"84855184500"	130
"84855184560"	150
"84855184620"	145
"84855184680"	146
"84855184740"	167
"84855184800"	160
"84855184860"	135
"84855184920"	150
"84855184980"	159
"84855185040"	163
"84855185100"	137
"84855185160"	161
"84855185220"	138
"84855185280"	131
"84855185340"	149
"84855185400"	138
"84855185460"	132
"84855185520"	153
"84855185580"	151
"84855185640"	135
"84855185700"	144
"84855185760"	160
"84855185820"	154
"84855185880"	152
"84855185940"	171
"84855186000"	137
"84855186060"	131
"84855186120"	122
"84855186180"	160
"84855186240"	151
"84855186300"	131
"84855186360"	142
"84855186420"	125
"84855186480"	149
"84855186540"	134
"84855186600"	149
"84855186660"	153
"84855186720"	142
"84855186780"	139
"84855186840"	145
"84855186900"	119
"84855186960"	148
"84855187020"	152
"84855187080"	150
"84855187140"	137
"84855187200"	150
"84855187260"	127
"84855187320"	125
"84855187380"	161
"84855187440"	128
"84855187500"	149
"84855187560"	164
"84855187620"	150
"84855187680"	160
"84855187740"	138
"84855187800"	143
"84855187860"	140
"84855187920"	149
"84855187980"	150
"84855188040"	147
"84855188100"	132
"84855188160"	136
"84855188220"	155
"84855188280"	135
"84855188340"	124
"84855188400"	158
"84855188460"	138
"84855188520"	136
"84855188580"	136
"84855188640"	138
"84855188700"	141
"84855188760"	168
"84855188820"	146
"84855188880"	136
"84855188940"	168
"84855189000"	149
"84855189060"	135
"84855189120"	145
"84855189180"	155
"84855189240"	165
"84855189300"	149
"84855189360"	136
"84855189420"	97
"84855189480"	90
"84855189540"	98
"84855189600"	110
"84855189660"	90
"84855189720"	109
"84855189780"	119
"84855189840"	97
"84855189900"	125
"84855189960"	128
"84855190020"	133
"84855190080"	151
"84855190140"	146
"84855190200"	143
"84855190260"	163
"84855190320"	156
"84855190380"	120
"84855190440"	134
"84855190500"	129
"84855190560"	150
"84855190620"	115
"84855190680"	123
"84855190740"	164
"84855190800"	136
"84855190860"	151
"84855190920"	126
"84855190980"	122
"84855191040"	141
"84855191100"	145
"84855191160"	137
"84855191220"	143
"84855191280"	140
"84855191340"	140
"84855191400"	163
"84855191460"	136
"84855191520"	121
"84855191580"	143
"84855191640"	126
"84855191700"	136
"84855191760"	140
"84855191820"	149
"84855191880"	138
"84855191940"	132
"84855192000"	143
"84855192060"	128
"84855192120"	151
"84855192180"	132
"84855192240"	161
"84855192300"	170
"84855192360"	136
"84855192420"	140
"84855192480"	153
"84855192540"	127
"84855192600"	157
"84855192660"	154
"84855192720"	119
"84855192780"	143
"84855192840"	157
"84855192900"	128
"84855192960"	139
"84855193020"	149
"84855193080"	130
"84855193140"	131
"84855193200"	116
"84855193260"	153
"84855193320"	141
"84855193380"	137
"84855193440"	166
"84855193500"	112
"84855193560"	136
"84855193620"	124
"84855193680"	141
"84855193740"	143
"84855193800"	125
"84855193860"	116
"84855193920"	144
"84855193980"	136
"84855194040"	151
"84855194100"	155
"84855194160"	166
"84855194220"	143
"84855194280"	121
"84855194340"	118
"84855194400"	127
"84855194460"	164
"84855194520"	125
"84855194580"	146
"84855194640"	159
"84855194700"	143
"84855194760"	145
"84855194820"	117
"84855194880"	142
"84855194940"	153
"84855195000"	131
"84855195060"	152
"84855195120"	161
"84855058620"	286
"84855058680"	281
"84855058740"	292
"84855058800"	279
"84855058860"	275
"84855058920"	283
"84855058980"	269
"84855059040"	286
"84855059100"	267
"84855059160"	298
"84855059220"	272
"84855059280"	266
"84855059340"	278
"84855059400"	299
"84855059460"	283
"84855059520"	270
"84855059580"	294
"84855059640"	233
"84855059700"	200
"84855059760"	136
"84855059820"	198
"84855059880"	201
"84855059940"	270
"84855060000"	253
"84855060060"	257
"84855060120"	254
"84855060180"	258
"84855060240"	273
"84855060300"	259
"84855060360"	252
"84855060420"	262
"84855060480"	264
"84855060540"	273
"84855060600"	236
"84855060660"	247
"84855060720"	267
"84855060780"	252
"84855060840"	266
"84855060900"	263
"84855060960"	217
"84855061020"	272
"84855061080"	251
"84855061140"	253
"84855061200"	254
"84855061260"	264
"84855061320"	260
"84855061380"	244
"84855061440"	222
"84855061500"	252
"84855061560"	252
"84855061620"	278
"84855061680"	254
"84855061740"	227
"84855061800"	258
"84855061860"	239
"84855061920"	246
"84855061980"	273
"84855062040"	248
"84855062100"	257
"84855062160"	265
"84855062220"	234
"84855062280"	267
"84855062340"	225
"84855062400"	266
"84855062460"	256
"84855062520"	253
"84855062580"	252
"84855062640"	244
"84855062700"	262
"84855062760"	239
"84855062820"	261
"84855062880"	286
"84855062940"	246
"84855063000"	218
"84855063060"	252
"84855063120"	272
"84855063180"	260
"84855063240"	251
"84855063300"	235
"84855063360"	174
"84855063420"	184
"84855063480"	173
"84855063540"	165
"84855063600"	199
"84855063660"	260
"84855063720"	260
"84855063780"	245
"84855063840"	247
"84855063900"	267
"84855063960"	249
"84855064020"	231
"84855064080"	248
"84855064140"	246
"84855064200"	243
"84855064260"	245
"84855064320"	243
"84855064380"	268
"84855064440"	239
"84855064500"	228
"84855064560"	232
"84855064620"	243
"84855064680"	260
"84855064740"	248
"84855064800"	251
"84855064860"	254
"84855064920"	258
"84855064980"	252
"84855065040"	248
"84855065100"	254
"84855065160"	239
"84855065220"	257
"84855065280"	225
"84855065340"	263
"84855065400"	241
"84855065460"	224
"84855065520"	253
"84855065580"	233
"84855065640"	262
"84855065700"	246
"84855065760"	252
"84855065820"	236
"84855065880"	236
"84855065940"	243
"84855066000"	239
"84855066060"	261
"84855066120"	252
"84855066180"	251
"84855066240"	252
"84855066300"	277
"84855066360"	244
"84855066420"	263
"84855066480"	255
"84855066540"	252
"84855066600"	259
"84855066660"	254
"84855066720"	256
"84855066780"	232
"84855066840"	219
"84855066900"	172
"84855066960"	170
"84855067020"	180
"84855067080"	150
"84855067140"	195
"84855067200"	232
"84855067260"	226
"84855067320"	221
"84855067380"	270
"84855067440"	248
"84855067500"	256
"84855067560"	264
"84855067620"	241
"84855067680"	243
"84855067740"	251
"84855067800"	226
"84855067860"	240
"84855067920"	286
"84855067980"	234
"84855068040"	240
"84855068100"	233
"84855068160"	256
"84855068220"	256
"84855068280"	239
"84855068340"	238
"84855068400"	256
"84855068460"	272
"84855068520"	247
"84855068580"	237
"84855068640"	226
"84855068700"	245
"84855068760"	258
"84855068820"	232
"84855068880"	250
"84855068940"	248
"84855069000"	233
"84855069060"	259
"84855069120"	224
"84855069180"	244
"84855069240"	240
"84855069300"	235
"84855069360"	240
"84855069420"	241
"84855069480"	266
"84855069540"	232
"84855069600"	265
"84855069660"	228
"84855069720"	224
"84855069780"	244
"84855069840"	235
"84855069900"	188
"84855069960"	252
"84855070020"	257
"84855070080"	248
"84855070140"	254
"84855070200"	227
"84855070260"	244
"84855070320"	249
"84855070380"	253
"84855070440"	226
"84855070500"	171
"84855070560"	169
"84855070620"	177
"84855070680"	175
"84855070740"	143
"84855070800"	233
"84855070860"	216
"84855070920"	244
"84855070980"	246
"84855071040"	234
"84855071100"	236
"84855071160"	231
"84855071220"	250
"84855071280"	259
"84855071340"	229
"84855071400"	220
"84855071460"	239
"84855071520"	228
"84855071580"	232
"84855071640"	221
"84855071700"	206
"84855071760"	234
"84855071820"	249
"84855071880"	239
"84855071940"	235
"84855072000"	223
"84855072060"	233
"84855072120"	218
"84855072180"	211
"84855072240"	253
"84855072300"	248
"84855072360"	236
"84855072420"	233
"84855072480"	240
"84855072540"	226
"84855072600"	252
"84855072660"	232
"84855072720"	205
"84855072780"	201
"84855072840"	215
"84855072900"	227
"84855072960"	233
"84855073020"	251
"84855073080"	229
"84855073140"	231
"84855073200"	229
"84855073260"	222
"84855073320"	260
"84855073380"	230
"84855073440"	247
"84855073500"	236
"84855073560"	227
"84855073620"	209
"84855073680"	226
"84855073740"	243
"84855073800"	235
"84855073860"	246
"84855073920"	249
"84855073980"	239
"84855074040"	223
"84855074100"	201
"84855074160"	213
"84855074220"	176
"84855074280"	167
"84855074340"	151
"84855074400"	177
"84855074460"	204
"84855074520"	246
"84855074580"	213
"84855074640"	210
"84855074700"	245
"84855074760"	238
"84855074820"	235
"84855074880"	244
"84855074940"	221
"84855075000"	220
"84855075060"	215
"84855075120"	245
"84855075180"	225
"84855075240"	239
"84855075300"	242
"84855075360"	234
"84855075420"	236
"84855075480"	200
"84855075540"	232
"84855075600"	232
"84855075660"	235
"84855075720"	229
"84855075780"	239
"84855075840"	259
"84855075900"	249
"84855075960"	227
"84855076020"	208
"84855076080"	219
"84855076140"	231
"84855076200"	230
"84855076260"	233
"84855076320"	233
"84855076380"	236
"84855076440"	204
"84855076500"	225
"84855076560"	223
"84855076620"	240
"84855076680"	246
"84855076740"	243
"84855076800"	234
"84855076860"	227
"84855076920"	231
"84855076980"	226
"84855077040"	235
"84855077100"	218
"84855077160"	222
"84855077220"	259
"84855077280"	228
"84855077340"	239
"84855077400"	229
"84855077460"	223
"84855077520"	242
"84855077580"	233
"84855077640"	236
"84855077700"	157
"84855077760"	162
"84855077820"	158
"84855077880"	157
"84855077940"	153
"84855078000"	213
"84855078060"	235
"84855078120"	201
"84855078180"	220
"84855078240"	221
"84855078300"	238
"84855078360"	219
"84855078420"	239
"84855078480"	247
"84855078540"	242
"84855078600"	213
"84855078660"	233
"84855078720"	253
"84855078780"	211
"84855078840"	233
"84855078900"	230
"84855078960"	229
"84855079020"	207
"84855079080"	241
"84855079140"	190
"84855079200"	225
"84855031380"	49
"84855031440"	237
"84855031500"	422
"84855031560"	480
"84855031620"	508
"84855031680"	503
"84855031740"	520
"84855031800"	505
"84855031860"	475
"84855031920"	524
"84855031980"	513
"84855032040"	520
"84855032100"	497
"84855032160"	500
"84855032220"	489
"84855032280"	494
"84855032340"	493
"84855032400"	488
"84855032460"	488
"84855032520"	510
"84855032580"	485
"84855032640"	497
"84855032700"	508
"84855032760"	491
"84855032820"	502
"84855032880"	484
"84855032940"	471
"84855033000"	473
"84855033060"	462
"84855033120"	443
"84855033180"	447
"84855033240"	456
"84855033300"	440
"84855033360"	469
"84855033420"	456
"84855033480"	452
"84855033540"	457
"84855033600"	433
"84855033660"	441
"84855033720"	446
"84855033780"	430
"84855033840"	431
"84855033900"	428
"84855033960"	425
"84855034020"	430
"84855034080"	409
"84855034140"	405
"84855034200"	403
"84855034260"	411
"84855034320"	426
"84855034380"	405
"84855034440"	361
"84855034500"	439
"84855034560"	424
"84855034620"	435
"84855034680"	439
"84855034740"	440
"84855034800"	389
"84855034860"	391
"84855034920"	385
"84855034980"	405
"84855035040"	399
"84855035100"	405
"84855035160"	388
"84855035220"	395
"84855035280"	410
"84855035340"	408
"84855035400"	392
"84855035460"	396
"84855035520"	404
"84855035580"	388
"84855035640"	379
"84855035700"	391
"84855035760"	377
"84855035820"	396
"84855035880"	403
"84855035940"	379
"84855036000"	396
"84855036060"	374
"84855036120"	397
"84855036180"	402
"84855036240"	386
"84855036300"	382
"84855036360"	375
"84855036420"	396
"84855036480"	387
"84855036540"	370
"84855036600"	361
"84855036660"	379
"84855036720"	364
"84855036780"	385
"84855036840"	370
"84855036900"	368
"84855036960"	366
"84855037020"	370
"84855037080"	344
"84855037140"	359
"84855037200"	354
"84855037260"	360
"84855037320"	360
"84855037380"	360
"84855037440"	373
"84855037500"	351
"84855037560"	344
"84855037620"	353
"84855037680"	379
"84855037740"	349
"84855037800"	333
"84855037860"	353
"84855037920"	361
"84855037980"	360
"84855038040"	271
"84855038100"	311
"84855038160"	406
"84855038220"	409
"84855038280"	402
"84855038340"	412
"84855038400"	381
"84855038460"	388
"84855038520"	380
"84855038580"	372
"84855038640"	397
"84855038700"	410
"84855038760"	410
"84855038820"	415
"84855038880"	413
"84855038940"	414
"84855039000"	380
"84855039060"	392
"84855039120"	423
"84855039180"	406
"84855039240"	403
"84855039300"	394
"84855039360"	393
"84855039420"	396
"84855039480"	399
"84855039540"	405
"84855039600"	400
"84855039660"	373
"84855039720"	391
"84855039780"	416
"84855039840"	406
"84855039900"	398
"84855039960"	393
"84855040020"	402
"84855040080"	391
"84855040140"	396
"84855040200"	390
"84855040260"	391
"84855040320"	373
"84855040380"	400
"84855040440"	394
"84855040500"	387
"84855040560"	390
"84855040620"	380
"84855040680"	377
"84855040740"	378
"84855040800"	389
"84855040860"	368
"84855040920"	388
"84855040980"	386
"84855041040"	397
"84855041100"	390
"84855041160"	365
"84855041220"	410
"84855041280"	397
"84855041340"	406
"84855041400"	402
"84855041460"	401
"84855041520"	405
"84855041580"	388
"84855041640"	304
"84855041700"	254
"84855041760"	352
"84855041820"	391
"84855041880"	381
"84855041940"	395
"84855042000"	391
"84855042060"	380
"84855042120"	339
"84855042180"	363
"84855042240"	381
"84855042300"	385
"84855042360"	404
"84855042420"	399
"84855042480"	386
"84855042540"	382
"84855042600"	377
"84855042660"	361
"84855042720"	373
"84855042780"	380
"84855042840"	391
"84855042900"	373
"84855042960"	372
"84855043020"	368
"84855043080"	373
"84855043140"	383
"84855043200"	390
"84855043260"	368
"84855043320"	365
"84855043380"	376
"84855043440"	401
"84855043500"	403
"84855043560"	357
"84855043620"	376
"84855043680"	397
"84855043740"	368
"84855043800"	381
"84855043860"	382
"84855043920"	344
"84855043980"	376
"84855044040"	392
"84855044100"	368
"84855044160"	386
"84855044220"	360
"84855044280"	372
"84855044340"	395
"84855044400"	383
"84855044460"	367
"84855044520"	391
"84855044580"	377
"84855044640"	357
"84855044700"	359
"84855044760"	360
"84855044820"	379
"84855044880"	382
"84855044940"	360
"84855045000"	360
"84855045060"	377
"84855045120"	352
"84855045180"	354
"84855045240"	292
"84855045300"	228
"84855045360"	247
"84855045420"	337
"84855045480"	352
"84855045540"	370
"84855045600"	350
"84855045660"	367
"84855045720"	349
"84855045780"	383
"84855045840"	357
"84855045900"	354
"84855045960"	366
"84855046020"	357
"84855046080"	386
"84855046140"	372
"84855046200"	359
"84855046260"	344
"84855046320"	379
"84855046380"	377
"84855046440"	378
"84855046500"	352
"84855046560"	339
"84855046620"	366
"84855046680"	364
"84855046740"	377
"84855046800"	341
"84855046860"	372
"84855046920"	356
"84855046980"	358
"84855047040"	344
"84855047100"	377
"84855047160"	367
"84855047220"	355
"84855047280"	372
"84855047340"	349
"84855047400"	338
"84855047460"	370
"84855047520"	361
"84855047580"	366
"84855047640"	371
"84855047700"	334
"84855047760"	369
"84855047820"	361
"84855047880"	367
"84855047940"	366
"84855048000"	353
"84855048060"	353
"84855048120"	361
"84855048180"	353
"84855048240"	360
"84855048300"	346
"84855048360"	327
"84855048420"	361
"84855048480"	344
"84855048540"	319
"84855048600"	347
"84855048660"	351
"84855048720"	336
"84855048780"	356
"84855048840"	309
"84855048900"	234
"84855048960"	234
"84855049020"	228
"84855049080"	362
"84855049140"	345
"84855049200"	337
"84855049260"	338
"84855049320"	338
"84855049380"	350
"84855049440"	354
"84855049500"	327
"84855049560"	337
"84855049620"	306
"84855049680"	332
"84855049740"	312
"84855049800"	315
"84855049860"	319
"84855049920"	343
"84855049980"	320
"84855050040"	333
"84855050100"	341
"84855050160"	339
"84855050220"	319
"84855050280"	338
"84855050340"	346
"84855050400"	333
"84855050460"	355
"84855050520"	332
"84855050580"	329
"84855050640"	330
"84855050700"	329
"84855050760"	336
"84855050820"	362
"84855050880"	319
"84855050940"	337
"84855051000"	319
"84855051060"	330
"84855051120"	338
"84855051180"	363
"84855051240"	346
"84855051300"	328
"84855051360"	329
"84855051420"	330
"84855051480"	322
"84855051540"	344
"84855051600"	306
"84855051660"	314
"84855051720"	318
"84855051780"	323
"84855051840"	331
"84855051900"	317
"84855051960"	328
"84855052020"	335
"84855052080"	340
"84855052140"	342
"84855052200"	322
"84855052260"	350
"84855052320"	330
"84855052380"	313
"84855052440"	315
"84855052500"	217
"84855052560"	231
"84855052620"	211
"84855052680"	219
"84855052740"	305
"84855052800"	315
"84855052860"	306
"84855052920"	324
"84855052980"	318
"84855053040"	317
"84855053100"	332
"84855053160"	331
"84855053220"	326
"84855053280"	307
"84855053340"	322
"84855053400"	335
"84855053460"	332
"84855053520"	313
"84855053580"	332
"84855053640"	321
"84855053700"	317
"84855053760"	320
"84855053820"	322
"84855053880"	305
"84855053940"	335
"84855054000"	278
"84855054060"	279
"84855054120"	300
"84855054180"	320
"84855054240"	318
"84855054300"	317
"84855054360"	324
"84855054420"	313
"84855054480"	317
"84855054540"	328
"84855054600"	292
"84855054660"	299
"84855054720"	306
"84855054780"	294
"84855054840"	300
"84855054900"	311
"84855054960"	306
"84855055020"	309
"84855055080"	295
"84855055140"	297
"84855055200"	305
"84855055260"	322
"84855055320"	324
"84855055380"	299
"84855055440"	277
"84855055500"	306
"84855055560"	308
"84855055620"	315
"84855055680"	311
"84855055740"	308
"84855055800"	309
"84855055860"	289
"84855055920"	296
"84855055980"	290
"84855056040"	257
"84855056100"	232
"84855056160"	191
"84855056220"	216
"84855056280"	221
"84855056340"	216
"84855056400"	284
"84855056460"	294
"84855056520"	281
"84855056580"	296
"84855056640"	288
"84855056700"	289
"84855056760"	284
"84855056820"	301
"84855056880"	283
"84855056940"	283
"84855057000"	294
"84855057060"	261
"84855057120"	287
"84855057180"	278
"84855057240"	278
"84855057300"	295
"84855057360"	278
"84855057420"	303
"84855057480"	306
"84855057540"	285
"84855057600"	268
"84855057660"	296
"84855057720"	298
"84855057780"	291
"84855057840"	292
"84855057900"	311
"84855057960"	297
"84855058020"	318
"84855058080"	290
"84855058140"	281
"84855058200"	263
"84855058260"	303
"84855058320"	276
"84855058380"	293
"84855058440"	282
"84855058500"	292
"84855058560"	307
"84855103440"	185
"84855103500"	180
"84855103560"	190
"84855103620"	209
"84855103680"	185
"84855103740"	188
"84855103800"	194
"84855103860"	198
"84855103920"	193
"84855103980"	186
"84855104040"	198
"84855104100"	181
"84855104160"	190
"84855104220"	222
"84855104280"	205
"84855104340"	191
"84855104400"	209
"84855104460"	184
"84855104520"	187
"84855104580"	174
"84855104640"	187
"84855104700"	173
"84855104760"	206
"84855104820"	186
"84855104880"	173
"84855104940"	187
"84855105000"	167
"84855105060"	200
"84855105120"	167
"84855105180"	190
"84855105240"	195
"84855105300"	180
"84855105360"	197
"84855105420"	186
"84855105480"	211
"84855105540"	190
"84855105600"	197
"84855105660"	203
"84855105720"	190
"84855105780"	182
"84855105840"	195
"84855105900"	192
"84855105960"	202
"84855106020"	198
"84855106080"	171
"84855106140"	171
"84855106200"	176
"84855106260"	204
"84855106320"	201
"84855106380"	193
"84855106440"	204
"84855106500"	198
"84855106560"	183
"84855106620"	191
"84855106680"	169
"84855106740"	165
"84855106800"	137
"84855106860"	157
"84855106920"	113
"84855106980"	121
"84855107040"	183
"84855107100"	191
"84855107160"	195
"84855107220"	202
"84855107280"	172
"84855107340"	192
"84855107400"	187
"84855107460"	223
"84855107520"	199
"84855107580"	211
"84855107640"	186
"84855107700"	172
"84855107760"	188
"84855107820"	162
"84855107880"	181
"84855107940"	190
"84855108000"	184
"84855108060"	203
"84855108120"	191
"84855108180"	220
"84855108240"	207
"84855108300"	191
"84855108360"	205
"84855108420"	199
"84855108480"	187
"84855108540"	195
"84855108600"	173
"84855108660"	176
"84855108720"	179
"84855108780"	205
"84855108840"	177
"84855108900"	197
"84855108960"	186
"84855109020"	206
"84855109080"	216
"84855109140"	189
"84855109200"	192
"84855109260"	191
"84855109320"	178
"84855109380"	182
"84855109440"	187
"84855109500"	194
"84855109560"	171
"84855109620"	189
"84855109680"	213
"84855109740"	179
"84855109800"	195
"84855109860"	183
"84855109920"	188
"84855109980"	184
"84855110040"	195
"84855110100"	189
"84855110160"	130
"84855110220"	169
"84855110280"	134
"84855110340"	138
"84855110400"	127
"84855110460"	153
"84855110520"	192
"84855110580"	183
"84855110640"	185
"84855110700"	190
"84855110760"	183
"84855110820"	193
"84855110880"	187
"84855110940"	171
"84855111000"	172
"84855111060"	202
"84855111120"	188
"84855111180"	183
"84855111240"	181
"84855111300"	172
"84855111360"	204
"84855111420"	178
"84855111480"	185
"84855111540"	195
"84855111600"	191
"84855111660"	174
"84855111720"	193
"84855111780"	181
"84855111840"	178
"84855111900"	198
"84855111960"	175
"84855112020"	185
"84855112080"	194
"84855112140"	193
"84855112200"	181
"84855112260"	189
"84855112320"	202
"84855112380"	182
"84855112440"	189
"84855112500"	193
"84855112560"	189
"84855112620"	206
"84855112680"	186
"84855112740"	197
"84855112800"	197
"84855112860"	172
"84855112920"	174
"84855112980"	189
"84855113040"	178
"84855113100"	177
"84855113160"	158
"84855113220"	194
"84855113280"	174
"84855113340"	187
"84855113400"	173
"84855113460"	205
"84855113520"	183
"84855113580"	180
"84855113640"	185
"84855113700"	167
"84855113760"	187
"84855113820"	176
"84855113880"	189
"84855113940"	185
"84855114000"	161
"84855114060"	174
"84855114120"	171
"84855114180"	191
"84855114240"	182
"84855114300"	175
"84855114360"	181
"84855114420"	174
"84855114480"	185
"84855114540"	189
"84855114600"	182
"84855114660"	185
"84855114720"	168
"84855114780"	189
"84855114840"	158
"84855114900"	152
"84855114960"	164
"84855115020"	172
"84855115080"	186
"84855115140"	189
"84855115200"	166
"84855115260"	181
"84855115320"	193
"84855115380"	185
"84855115440"	212
"84855115500"	192
"84855115560"	201
"84855115620"	183
"84855115680"	189
"84855115740"	176
"84855115800"	155
"84855115860"	188
"84855115920"	176
"84855115980"	182
"84855116040"	175
"84855116100"	195
"84855116160"	192
"84855116220"	195
"84855116280"	199
"84855116340"	185
"84855116400"	199
"84855116460"	211
"84855116520"	195
"84855116580"	213
"84855116640"	175
"84855116700"	191
"84855116760"	208
"84855116820"	187
"84855116880"	197
"84855116940"	177
"84855117000"	159
"84855117060"	182
"84855117120"	198
"84855117180"	173
"84855117240"	169
"84855117300"	141
"84855117360"	136
"84855117420"	121
"84855117480"	155
"84855117540"	129
"84855117600"	123
"84855117660"	157
"84855117720"	159
"84855117780"	189
"84855117840"	174
"84855117900"	183
"84855117960"	239
"84855118020"	193
"84855118080"	206
"84855118140"	165
"84855118200"	169
"84855118260"	203
"84855118320"	185
"84855118380"	184
"84855118440"	164
"84855118500"	159
"84855118560"	173
"84855118620"	201
"84855118680"	189
"84855118740"	196
"84855118800"	193
"84855118860"	189
"84855118920"	181
"84855118980"	172
"84855119040"	164
"84855119100"	186
"84855119160"	184
"84855119220"	177
"84855119280"	179
"84855119340"	206
"84855119400"	155
"84855119460"	193
"84855119520"	167
"84855119580"	166
"84855119640"	181
"84855119700"	218
"84855119760"	186
"84855119820"	166
"84855119880"	194
"84855119940"	194
"84855120000"	191
"84855120060"	183
"84855120120"	193
"84855120180"	162
"84855120240"	184
"84855120300"	164
"84855120360"	186
"84855120420"	163
"84855120480"	170
"84855120540"	169
"84855120600"	164
"84855120660"	171
"84855120720"	180
"84855120780"	179
"84855120840"	192
"84855120900"	160
"84855120960"	207
"84855121020"	156
"84855121080"	202
"84855121140"	177
"84855121200"	186
"84855121260"	166
"84855121320"	161
"84855121380"	179
"84855121440"	171
"84855121500"	174
"84855121560"	157
"84855121620"	177
"84855121680"	177
"84855121740"	152
"84855121800"	167
"84855121860"	181
"84855121920"	204
"84855121980"	190
"84855122040"	168
"84855122100"	180
"84855122160"	175
"84855122220"	160
"84855122280"	186
"84855122340"	169
"84855122400"	198
"84855122460"	183
"84855122520"	155
"84855122580"	156
"84855122640"	213
"84855122700"	168
"84855122760"	196
"84855122820"	210
"84855122880"	181
"84855122940"	180
"84855123000"	163
"84855123060"	152
"84855123120"	168
"84855123180"	172
"84855123240"	158
"84855123300"	206
"84855123360"	186
"84855123420"	171
"84855123480"	180
"84855123540"	175
"84855123600"	163
"84855123660"	159
"84855123720"	179
"84855123780"	179
"84855123840"	170
"84855123900"	168
"84855123960"	167
"84855124020"	198
"84855124080"	165
"84855124140"	180
"84855124200"	159
"84855124260"	185
"84855124320"	182
"84855124380"	186
"84855124440"	169
"84855124500"	173
"84855124560"	159
"84855124620"	128
"84855124680"	128
"84855124740"	142
"84855124800"	101
"84855124860"	109
"84855124920"	148
"84855124980"	174
"84855125040"	174
"84855125100"	162
"84855125160"	166
"84855125220"	180
"84855125280"	188
"84855125340"	184
"84855125400"	185
"84855125460"	176
"84855125520"	206
"84855125580"	172
"84855125640"	165
"84855125700"	198
"84855125760"	171
"84855125820"	169
"84855125880"	193
"84855125940"	184
"84855126000"	174
"84855126060"	173
"84855126120"	190
"84855126180"	168
"84855126240"	171
"84855126300"	190
"84855126360"	172
"84855126420"	172
"84855126480"	184
"84855126540"	203
"84855126600"	164
"84855126660"	188
"84855126720"	180
"84855126780"	171
"84855126840"	134
"84855126900"	180
"84855126960"	180
"84855127020"	167
"84855127080"	161
"84855127140"	177
"84855127200"	143
"84855127260"	168
"84855127320"	168
"84855127380"	199
"84855127440"	161
"84855127500"	161
"84855127560"	163
"84855127620"	159
"84855127680"	176
"84855127740"	171
"84855127800"	158
"84855127860"	156
"84855127920"	172
"84855127980"	166
"84855128040"	179
"84855128100"	174
"84855128160"	185
"84855128220"	173
"84855128280"	170
"84855128340"	186
"84855128400"	154
"84855128460"	175
"84855128520"	163
"84855128580"	163
"84855128640"	182
"84855128700"	167
"84855128760"	166
"84855128820"	165
"84855128880"	170
"84855128940"	145
"84855129000"	169
"84855129060"	167
"84855129120"	194
"84855129180"	163
"84855129240"	180
"84855129300"	154
"84855129360"	179
"84855129420"	183
"84855129480"	191
"84855129540"	166
"84855129600"	173
"84855129660"	187
"84855129720"	181
"84855129780"	190
"84855129840"	170
"84855129900"	185
"84855129960"	189
"84855130020"	171
"84855130080"	174
"84855130140"	166
"84855130200"	177
"84855130260"	161
"84855130320"	181
"84855130380"	186
"84855130440"	162
"84855130500"	178
"84855130560"	185
"84855130620"	159
"84855130680"	165
"84855130740"	185
"84855130800"	189
"84855130860"	189
"84855130920"	172
"84855130980"	162
"84855131040"	181
"84855131100"	170
"84855131160"	177
"84855131220"	157
"84855131280"	159
"84855131340"	189
"84855131400"	205
"84855131460"	166
"84855131520"	171
"84855131580"	168
"84855131640"	160
"84855131700"	168
"84855131760"	120
"84855131820"	121
"84855131880"	121
"84855131940"	123
"84855132000"	126
"84855132060"	126
"84855132120"	105
"84855132180"	166
"84855132240"	168
"84855132300"	165
"84855132360"	162
"84855132420"	153
"84855132480"	148
"84855132540"	185
"84855132600"	194
"84855132660"	169
"84855132720"	152
"84855132780"	153
"84855132840"	177
"84855132900"	119
"84855132960"	162
"84855133020"	190
"84855133080"	184
"84855133140"	176
"84855133200"	164
"84855133260"	166
"84855133320"	169
"84855133380"	149
"84855133440"	170
"84855133500"	168
"84855133560"	186
"84855133620"	159
"84855133680"	162
"84855133740"	183
"84855133800"	155
"84855133860"	168
"84855133920"	179
"84855133980"	166
"84855134040"	178
"84855134100"	149
"84855134160"	195
"84855134220"	178
"84855134280"	153
"84855134340"	173
"84855134400"	172
"84855134460"	156
"84855134520"	164
"84855134580"	172
"84855134640"	144
"84855134700"	152
"84855134760"	154
"84855134820"	175
"84855134880"	167
"84855134940"	171
"84855135000"	185
"84855135060"	163
"84855135120"	160
"84855135180"	180
"84855135240"	163
"84855135300"	167
"84855135360"	164
"84855135420"	167
"84855135480"	166
"84855135540"	185
"84855135600"	166
"84855135660"	166
"84855135720"	144
"84855135780"	192
"84855135840"	185
"84855135900"	176
"84855135960"	138
"84855136020"	169
"84855136080"	188
"84855136140"	151
"84855136200"	172
"84855136260"	159
"84855136320"	188
"84855136380"	179
"84855136440"	152
"84855136500"	181
"84855136560"	169
"84855136620"	150
"84855136680"	177
"84855136740"	176
"84855136800"	168
"84855136860"	174
"84855136920"	165
"84855136980"	164
"84855137040"	161
"84855137100"	194
"84855137160"	163
"84855137220"	168
"84855137280"	157
"84855137340"	179
"84855137400"	164
"84855137460"	165
"84855137520"	143
"84855137580"	165
"84855137640"	162
"84855137700"	159
"84855137760"	163
"84855137820"	180
"84855137880"	196
"84855137940"	165
"84855138000"	186
"84855138060"	160
"84855138120"	174
"84855138180"	164
"84855138240"	172
"84855138300"	188
"84855138360"	178
"84855138420"	194
"84855138480"	178
"84855138540"	170
"84855138600"	162
"84855138660"	164
"84855138720"	177
"84855138780"	154
"84855138840"	182
"84855138900"	161
"84855138960"	152
"84855139020"	139
"84855139080"	112
"84855139140"	110
"84855139200"	119
"84855139260"	113
"84855139320"	102
"84855139380"	183
"84855139440"	179
"84855139500"	156
"84855139560"	161
"84855139620"	164
"84855139680"	190
"84855139740"	186
"84855139800"	138
"84855139860"	173
"84855139920"	143
"84855139980"	190
"84855140040"	147
"84855140100"	169
"84855140160"	168
"84855140220"	169
"84855140280"	190
"84855140340"	143
"84855140400"	179
"84855140460"	166
"84855140520"	173
"84855140580"	155
"84855140640"	153
"84855140700"	194
"84855140760"	174
"84855140820"	170
"84855140880"	161
"84855140940"	155
"84855141000"	145
"84855141060"	166
"84855141120"	131
"84855141180"	170
"84855141240"	162
"84855141300"	173
"84855141360"	188
"84855141420"	179
"84855141480"	170
"84855141540"	188
"84855141600"	172
"84855141660"	152
"84855141720"	158
"84855141780"	178
"84855141840"	170
"84855141900"	132
"84855141960"	164
"84855142020"	170
"84855142080"	180
"84855142140"	168
"84855142200"	180
"84855142260"	159
"84855142320"	170
"84855142380"	168
"84855142440"	170
"84855142500"	137
"84855142560"	164
"84855142620"	158
"84855142680"	183
"84855142740"	137
"84855142800"	148
"84855142860"	156
"84855142920"	146
"84855142980"	138
"84855143040"	182
"84855143100"	163
"84855143160"	164
"84855143220"	165
"84855143280"	162
"84855143340"	170
"84855143400"	169
"84855143460"	138
"84855143520"	170
"84855143580"	181
"84855143640"	171
"84855143700"	151
"84855143760"	172
"84855143820"	188
"84855143880"	173
"84855143940"	186
"84855144000"	147
"84855144060"	165
"84855144120"	149
"84855144180"	164
"84855144240"	158
"84855144300"	165
"84855144360"	201
"84855144420"	158
"84855144480"	171
"84855144540"	155
"84855144600"	166
"84855144660"	171
"84855144720"	149
"84855144780"	179
"84855144840"	171
"84855144900"	155
"84855144960"	173
"84855145020"	168
"84855145080"	171
"84855145140"	161
"84855145200"	155
"84855145260"	159
"84855145320"	152
"84855145380"	166
"84855145440"	183
"84855145500"	159
"84855145560"	172
"84855145620"	147
"84855145680"	161
"84855145740"	158
"84855145800"	178
"84855145860"	177
"84855145920"	163
"84855145980"	167
"84855146040"	164
"84855146100"	179
"84855146160"	160
"84855146220"	119
"84855146280"	142
"84855146340"	117
"84855146400"	163
"84855146460"	113
"84855146520"	127
"84855146580"	155
"84855146640"	158
"84855146700"	154
"84855146760"	155
"84855146820"	175
"84855146880"	146
"84855146940"	167
"84855147000"	133
"84855147060"	161
"84855147120"	155
"84855147180"	153
"84855147240"	163
"84855147300"	179
"84855147360"	150
"84855147420"	152
"84855147480"	182
"84855147540"	143
"84855147600"	167
"84855147660"	166
"84855147720"	137
"84855147780"	164
"84855147840"	162
"84855147900"	149
"84855147960"	135
"84855148020"	165
"84855148080"	172
"84855148140"	154
"84855148200"	159
"84855148260"	196
"84855148320"	180
"84855148380"	173
"84855148440"	169
"84855148500"	191
"84855148560"	145
"84855148620"	156
"84855148680"	172
"84855148740"	175
"84855148800"	181
"84855148860"	167
"84855148920"	160
"84855148980"	164
"84855149040"	170
"84855149100"	142
"84855149160"	163
"84855149220"	152
"84855149280"	172
"84855149340"	133
"84855149400"	162
"84855149460"	158
"84855149520"	162
"84855149580"	147
"84855149640"	172
"84855149700"	139
"84855149760"	161
"84855149820"	163
"84855149880"	158
"84855149940"	159
"84855150000"	126
"84855150060"	146
"84855150120"	129
"84855150180"	163
"84855150240"	152
"84855150300"	148
"84855150360"	154
"84855150420"	154
"84855150480"	170
"84855150540"	154
"84855150600"	154
"84855150660"	145
"84855150720"	134
"84855150780"	146
"84855150840"	153
"84855150900"	140
"84855150960"	153
"84855151020"	124
"84855151080"	154
"84855151140"	161
"84855151200"	154
"84855151260"	169
"84855151320"	159
"84855151380"	154
"84855151440"	141
"84855151500"	129
"84855151560"	140
"84855151620"	135
"84855151680"	177
"84855151740"	153
"84855151800"	185
"84855151860"	157
"84855151920"	148
"84855151980"	157
"84855152040"	151
"84855152100"	127
"84855152160"	175
"84855152220"	175
"84855152280"	136
"84855152340"	168
"84855152400"	144
"84855152460"	169
"84855152520"	154
"84855152580"	155
"84855152640"	141
"84855152700"	131
"84855152760"	173
"84855152820"	184
"84855152880"	158
"84855152940"	148
"84855153000"	145
"84855153060"	150
"84855153120"	171
"84855153180"	137
"84855153240"	173
"84855153300"	174
"84855153360"	91
"84855153420"	101
"84855153480"	122
"84855153540"	124
"84855153600"	120
"84855153660"	108
"84855153720"	127
"84855153780"	119
"84855153840"	146
"84855153900"	140
"84855153960"	164
"84855154020"	150
"84855154080"	141
"84855154140"	165
"84855154200"	163
"84855154260"	161
"84855154320"	147
"84855154380"	151
"84855154440"	156
"84855154500"	148
"84855154560"	146
"84855154620"	150
"84855154680"	170
"84855154740"	157
"84855154800"	159
"84855154860"	154
"84855154920"	156
"84855154980"	155
"84855155040"	152
"84855155100"	157
"84855155160"	144
"84855155220"	156
"84855155280"	135
"84855155340"	136
"84855155400"	148
"84855155460"	133
"84855155520"	166
"84855155580"	186
"84855155640"	153
"84855155700"	170
"84855155760"	150
"84855155820"	182
"84855155880"	142
"84855155940"	148
"84855156000"	159
"84855156060"	156
"84855156120"	158
"84855156180"	157
"84855156240"	143
"84855156300"	152
"84855156360"	121
"84855156420"	169
"84855156480"	144
"84855156540"	141
"84855156600"	123
"84855156660"	127
"84855156720"	149
"84855156780"	167
"84855156840"	168
"84855156900"	135
"84855156960"	133
"84855157020"	167
"84855157080"	161
"84855157140"	161
"84855157200"	139
"84855157260"	146
"84855157320"	117
"84855157380"	162
"84855157440"	175
"84855157500"	158
"84855157560"	159
"84855157620"	161
"84855157680"	149
"84855157740"	167
"84855157800"	156
"84855157860"	150
"84855157920"	163
"84855157980"	157
"84855158040"	153
"84855158100"	145
"84855158160"	142
"84855158220"	147
"84855158280"	145
"84855158340"	144
"84855158400"	151
"84855158460"	156
"84855158520"	163
"84855158580"	155
"84855158640"	147
"84855158700"	162
"84855158760"	164
"84855158820"	153
"84855158880"	156
"84855158940"	148
"84855159000"	171
"84855159060"	173
"84855159120"	158
"84855159180"	183
"84855159240"	143
"84855159300"	159
"84855159360"	133
"84855159420"	162
"84855159480"	153
"84855159540"	168
"84855159600"	149
"84855159660"	151
"84855159720"	177
"84855159780"	138
"84855159840"	149
"84855159900"	129
"84855159960"	138
"84855160020"	144
"84855160080"	177
"84855160140"	140
"84855160200"	141
"84855160260"	141
"84855160320"	157
"84855160380"	186
"84855160440"	167
"84855160500"	165
"84855160560"	137
"84855160620"	131
"84855160680"	109
"84855160740"	132
"84855160800"	97
"84855160860"	105
"84855160920"	102
"84855160980"	144
"84855161040"	135
"84855161100"	158
"84855161160"	170
"84855161220"	146
"84855161280"	142
"84855161340"	153
"84855079260"	251
"84855079320"	228
"84855079380"	215
"84855079440"	218
"84855079500"	242
"84855079560"	251
"84855079620"	246
"84855079680"	250
"84855079740"	210
"84855079800"	230
"84855079860"	216
"84855079920"	221
"84855079980"	219
"84855080040"	223
"84855080100"	232
"84855080160"	222
"84855080220"	230
"84855080280"	217
"84855080340"	218
"84855080400"	221
"84855080460"	221
"84855080520"	232
"84855080580"	229
"84855080640"	229
"84855080700"	213
"84855080760"	211
"84855080820"	205
"84855080880"	233
"84855080940"	209
"84855081000"	223
"84855081060"	224
"84855081120"	240
"84855081180"	227
"84855081240"	223
"84855081300"	177
"84855081360"	155
"84855081420"	161
"84855081480"	157
"84855081540"	159
"84855081600"	207
"84855081660"	219
"84855081720"	224
"84855081780"	243
"84855081840"	228
"84855081900"	222
"84855081960"	218
"84855082020"	249
"84855082080"	176
"84855082140"	214
"84855082200"	249
"84855082260"	227
"84855082320"	229
"84855082380"	242
"84855082440"	228
"84855082500"	204
"84855082560"	205
"84855082620"	237
"84855082680"	236
"84855082740"	218
"84855082800"	201
"84855082860"	210
"84855082920"	209
"84855082980"	232
"84855083040"	233
"84855083100"	228
"84855083160"	226
"84855083220"	214
"84855083280"	224
"84855083340"	231
"84855083400"	217
"84855083460"	197
"84855083520"	207
"84855083580"	186
"84855083640"	197
"84855083700"	224
"84855083760"	229
"84855083820"	218
"84855083880"	214
"84855083940"	222
"84855084000"	200
"84855084060"	201
"84855084120"	191
"84855084180"	200
"84855084240"	208
"84855084300"	197
"84855084360"	196
"84855084420"	217
"84855084480"	225
"84855084540"	209
"84855084600"	196
"84855084660"	209
"84855084720"	214
"84855084780"	207
"84855084840"	197
"84855084900"	158
"84855084960"	147
"84855085020"	154
"84855085080"	177
"84855085140"	150
"84855085200"	141
"84855085260"	203
"84855085320"	212
"84855085380"	215
"84855085440"	220
"84855085500"	191
"84855085560"	238
"84855085620"	225
"84855085680"	211
"84855085740"	217
"84855085800"	218
"84855085860"	221
"84855085920"	194
"84855085980"	203
"84855086040"	225
"84855086100"	216
"84855086160"	199
"84855086220"	220
"84855086280"	189
"84855086340"	224
"84855086400"	209
"84855086460"	230
"84855086520"	220
"84855086580"	220
"84855086640"	219
"84855086700"	192
"84855086760"	224
"84855086820"	228
"84855086880"	187
"84855086940"	222
"84855087000"	221
"84855087060"	222
"84855087120"	193
"84855087180"	206
"84855087240"	193
"84855087300"	223
"84855087360"	214
"84855087420"	195
"84855087480"	210
"84855087540"	210
"84855087600"	212
"84855087660"	174
"84855087720"	242
"84855087780"	202
"84855087840"	210
"84855087900"	183
"84855087960"	201
"84855088020"	219
"84855088080"	191
"84855088140"	204
"84855088200"	218
"84855088260"	207
"84855088320"	219
"84855088380"	221
"84855088440"	209
"84855088500"	218
"84855088560"	216
"84855088620"	206
"84855088680"	142
"84855088740"	165
"84855088800"	146
"84855088860"	168
"84855088920"	122
"84855088980"	162
"84855089040"	205
"84855089100"	223
"84855089160"	222
"84855089220"	219
"84855089280"	197
"84855089340"	228
"84855089400"	219
"84855089460"	195
"84855089520"	197
"84855089580"	194
"84855089640"	213
"84855089700"	185
"84855089760"	225
"84855089820"	216
"84855089880"	220
"84855089940"	191
"84855090000"	214
"84855090060"	212
"84855090120"	222
"84855090180"	222
"84855090240"	196
"84855090300"	219
"84855090360"	192
"84855090420"	184
"84855090480"	194
"84855090540"	197
"84855090600"	196
"84855090660"	197
"84855090720"	192
"84855090780"	213
"84855090840"	200
"84855090900"	204
"84855090960"	211
"84855091020"	206
"84855091080"	216
"84855091140"	201
"84855091200"	193
"84855091260"	197
"84855091320"	214
"84855091380"	222
"84855091440"	214
"84855091500"	212
"84855091560"	215
"84855091620"	230
"84855091680"	228
"84855091740"	206
"84855091800"	227
"84855091860"	213
"84855091920"	203
"84855091980"	220
"84855092040"	213
"84855092100"	184
"84855092160"	152
"84855092220"	154
"84855092280"	155
"84855092340"	141
"84855092400"	134
"84855092460"	209
"84855092520"	204
"84855092580"	190
"84855092640"	203
"84855092700"	208
"84855092760"	216
"84855092820"	218
"84855092880"	189
"84855092940"	203
"84855093000"	191
"84855093060"	200
"84855093120"	221
"84855093180"	220
"84855093240"	205
"84855093300"	206
"84855093360"	213
"84855093420"	190
"84855093480"	185
"84855093540"	219
"84855093600"	193
"84855093660"	212
"84855093720"	205
"84855093780"	206
"84855093840"	219
"84855093900"	212
"84855093960"	204
"84855094020"	197
"84855094080"	204
"84855094140"	210
"84855094200"	200
"84855094260"	220
"84855094320"	196
"84855094380"	208
"84855094440"	215
"84855094500"	222
"84855094560"	224
"84855094620"	213
"84855094680"	201
"84855094740"	207
"84855094800"	216
"84855094860"	211
"84855094920"	217
"84855094980"	188
"84855095040"	204
"84855095100"	193
"84855095160"	210
"84855095220"	199
"84855095280"	191
"84855095340"	201
"84855095400"	200
"84855095460"	218
"84855095520"	219
"84855095580"	190
"84855095640"	216
"84855095700"	156
"84855095760"	138
"84855095820"	163
"84855095880"	158
"84855095940"	163
"84855096000"	148
"84855096060"	166
"84855096120"	200
"84855096180"	204
"84855096240"	207
"84855096300"	197
"84855096360"	221
"84855096420"	217
"84855096480"	191
"84855096540"	194
"84855096600"	236
"84855096660"	216
"84855096720"	212
"84855096780"	208
"84855096840"	211
"84855096900"	196
"84855096960"	204
"84855097020"	211
"84855097080"	194
"84855097140"	223
"84855097200"	188
"84855097260"	205
"84855097320"	173
"84855097380"	198
"84855097440"	193
"84855097500"	212
"84855097560"	196
"84855097620"	191
"84855097680"	206
"84855097740"	208
"84855097800"	183
"84855097860"	196
"84855097920"	217
"84855097980"	195
"84855098040"	200
"84855098100"	186
"84855098160"	208
"84855098220"	218
"84855098280"	211
"84855098340"	214
"84855098400"	185
"84855098460"	203
"84855098520"	193
"84855098580"	185
"84855098640"	193
"84855098700"	196
"84855098760"	204
"84855098820"	194
"84855098880"	203
"84855098940"	182
"84855099000"	199
"84855099060"	211
"84855099120"	192
"84855099180"	195
"84855099240"	210
"84855099300"	160
"84855099360"	144
"84855099420"	120
"84855099480"	161
"84855099540"	139
"84855099600"	153
"84855099660"	151
"84855099720"	188
"84855099780"	199
"84855099840"	184
"84855099900"	200
"84855099960"	168
"84855100020"	192
"84855100080"	193
"84855100140"	178
"84855100200"	207
"84855100260"	192
"84855100320"	191
"84855100380"	191
"84855100440"	211
"84855100500"	178
"84855100560"	188
"84855100620"	217
"84855100680"	190
"84855100740"	199
"84855100800"	187
"84855100860"	200
"84855100920"	195
"84855100980"	193
"84855101040"	200
"84855101100"	208
"84855101160"	195
"84855101220"	181
"84855101280"	174
"84855101340"	206
"84855101400"	188
"84855101460"	196
"84855101520"	194
"84855101580"	225
"84855101640"	160
"84855101700"	181
"84855101760"	181
"84855101820"	215
"84855101880"	169
"84855101940"	183
"84855102000"	172
"84855102060"	207
"84855102120"	198
"84855102180"	194
"84855102240"	198
"84855102300"	178
"84855102360"	181
"84855102420"	196
"84855102480"	209
"84855102540"	186
"84855102600"	189
"84855102660"	196
"84855102720"	195
"84855102780"	192
"84855102840"	212
"84855102900"	151
"84855102960"	152
"84855103020"	140
"84855103080"	155
"84855103140"	130
"84855103200"	135
"84855103260"	138
"84855103320"	220
"84855103380"	219
"84855195180"	166
"84855195240"	147
"84855195300"	128
"84855195360"	120
"84855195420"	148
"84855195480"	136
"84855195540"	135
"84855195600"	138
"84855195660"	186
"84855195720"	140
"84855195780"	145
"84855195840"	113
"84855195900"	144
"84855195960"	121
"84855196020"	139
"84855196080"	146
"84855196140"	142
"84855196200"	123
"84855196260"	151
"84855196320"	131
"84855196380"	163
"84855196440"	135
"84855196500"	135
"84855196560"	137
"84855196620"	143
"84855196680"	117
"84855196740"	136
"84855196800"	130
"84855196860"	133
"84855196920"	129
"84855196980"	125
"84855197040"	128
"84855197100"	151
"84855197160"	110
"84855197220"	158
"84855197280"	149
"84855197340"	130
"84855197400"	113
"84855197460"	148
"84855197520"	164
"84855197580"	165
"84855197640"	141
"84855197700"	136
"84855197760"	141
"84855197820"	128
"84855197880"	141
"84855197940"	142
"84855198000"	150
"84855198060"	148
"84855198120"	151
"84855198180"	124
"84855198240"	113
"84855198300"	155
"84855198360"	138
"84855198420"	150
"84855198480"	154
"84855198540"	158
"84855198600"	149
"84855198660"	138
"84855198720"	137
"84855198780"	113
"84855198840"	155
"84855198900"	137
"84855198960"	140
"84855199020"	155
"84855199080"	137
"84855199140"	135
"84855199200"	134
"84855199260"	139
"84855199320"	118
"84855199380"	130
"84855199440"	137
"84855199500"	127
"84855199560"	126
"84855199620"	143
"84855199680"	136
"84855199740"	134
"84855199800"	126
"84855199860"	147
"84855199920"	129
"84855199980"	127
"84855200040"	154
"84855200100"	138
"84855200160"	124
"84855200220"	149
"84855200280"	131
"84855200340"	113
"84855200400"	94
"84855200460"	103
"84855200520"	114
"84855200580"	111
"84855200640"	109
"84855200700"	131
"84855200760"	139
"84855200820"	151
"84855200880"	160
"84855200940"	146
"84855201000"	133
"84855201060"	149
"84855201120"	146
"84855201180"	148
"84855201240"	157
"84855201300"	119
"84855201360"	129
"84855201420"	158
"84855201480"	115
"84855201540"	124
"84855201600"	143
"84855201660"	147
"84855201720"	126
"84855201780"	151
"84855201840"	144
"84855201900"	151
"84855201960"	129
"84855202020"	114
"84855202080"	130
"84855202140"	136
"84855202200"	120
"84855202260"	151
"84855202320"	139
"84855202380"	122
"84855202440"	135
"84855202500"	149
"84855202560"	122
"84855202620"	122
"84855202680"	156
"84855202740"	133
"84855202800"	144
"84855202860"	134
"84855202920"	127
"84855202980"	127
"84855203040"	129
"84855203100"	150
"84855203160"	129
"84855203220"	121
"84855203280"	149
"84855203340"	136
"84855203400"	135
"84855203460"	144
"84855203520"	133
"84855203580"	133
"84855203640"	108
"84855203700"	168
"84855203760"	106
"84855203820"	142
"84855203880"	148
"84855203940"	177
"84855204000"	126
"84855204060"	127
"84855204120"	131
"84855204180"	127
"84855204240"	137
"84855204300"	137
"84855204360"	150
"84855204420"	167
"84855204480"	142
"84855204540"	141
"84855204600"	140
"84855204660"	140
"84855204720"	148
"84855204780"	127
"84855204840"	116
"84855204900"	108
"84855204960"	142
"84855205020"	131
"84855205080"	155
"84855205140"	122
"84855205200"	138
"84855205260"	134
"84855205320"	150
"84855205380"	177
"84855205440"	161
"84855205500"	183
"84855205560"	199
"84855205620"	172
"84855205680"	173
"84855205740"	172
"84855205800"	191
"84855205860"	225
"84855205920"	213
"84855205980"	238
"84855206040"	276
"84855206100"	229
"84855206160"	279
"84855206220"	265
"84855206280"	249
"84855206340"	248
"84855206400"	244
"84855206460"	247
"84855206520"	270
"84855206580"	257
"84855206640"	225
"84855206700"	238
"84855206760"	230
"84855206820"	238
"84855206880"	218
"84855206940"	231
"84855207000"	239
"84855207060"	278
"84855207120"	227
"84855207180"	235
"84855207240"	265
"84855207300"	257
"84855207360"	237
"84855207420"	267
"84855207480"	254
"84855207540"	265
"84855207600"	273
"84855207660"	248
"84855207720"	229
"84855207780"	232
"84855207840"	253
"84855207900"	261
"84855207960"	243
"84855208020"	232
"84855208080"	250
"84855208140"	259
"84855208200"	204
"84855208260"	271
"84855208320"	260
"84855208380"	251
"84855208440"	286
"84855208500"	260
"84855208560"	250
"84855208620"	289
"84855208680"	220
"84855208740"	246
"84855208800"	264
"84855208860"	244
"84855208920"	239
"84855208980"	234
"84855209040"	242
"84855209100"	245
"84855209160"	213
"84855209220"	242
"84855209280"	274
"84855209340"	251
"84855209400"	220
"84855209460"	247
"84855209520"	281
"84855209580"	280
"84855209640"	254
"84855209700"	264
"84855209760"	281
"84855209820"	239
"84855209880"	242
"84855209940"	252
"84855210000"	236
"84855210060"	255
"84855210120"	243
"84855210180"	273
"84855210240"	237
"84855210300"	275
"84855210360"	255
"84855210420"	257
"84855210480"	263
"84855210540"	261
"84855210600"	283
"84855210660"	245
"84855210720"	253
"84855210780"	231
"84855210840"	265
"84855210900"	262
"84855210960"	226
"84855211020"	269
"84855211080"	172
"84855211140"	180
"84855211200"	153
"84855211260"	136
"84855211320"	167
"84855211380"	250
"84855211440"	233
"84855211500"	283
"84855211560"	261
"84855211620"	233
"84855211680"	248
"84855211740"	255
"84855211800"	275
"84855211860"	259
"84855211920"	267
"84855211980"	267
"84855212040"	263
"84855212100"	263
"84855212160"	236
"84855212220"	252
"84855212280"	247
"84855212340"	236
"84855212400"	274
"84855212460"	258
"84855212520"	275
"84855212580"	261
"84855212640"	269
"84855212700"	264
"84855212760"	249
"84855212820"	266
"84855212880"	225
"84855212940"	255
"84855213000"	262
"84855213060"	221
"84855213120"	252
"84855213180"	274
"84855213240"	272
"84855213300"	255
"84855213360"	252
"84855213420"	276
"84855213480"	264
"84855213540"	244
"84855213600"	271
"84855213660"	272
"84855213720"	281
"84855213780"	241
"84855213840"	251
"84855213900"	228
"84855213960"	246
"84855214020"	250
"84855214080"	253
"84855214140"	245
"84855214200"	273
"84855214260"	283
"84855214320"	261
"84855214380"	268
"84855214440"	249
"84855214500"	260
"84855214560"	280
"84855214620"	262
"84855214680"	246
"84855214740"	264
"84855214800"	235
"84855214860"	262
"84855214920"	246
"84855214980"	246
"84855215040"	277
"84855215100"	244
"84855215160"	258
"84855215220"	268
"84855215280"	244
"84855215340"	245
"84855215400"	240
"84855215460"	239
"84855215520"	251
"84855215580"	243
"84855215640"	233
"84855215700"	223
"84855215760"	264
"84855215820"	259
"84855215880"	262
"84855215940"	268
"84855216000"	252
"84855216060"	279
"84855216120"	262
"84855216180"	227
"84855216240"	275
"84855216300"	271
"84855216360"	288
"84855216420"	395
"84855216480"	400
"84855216540"	376
"84855216600"	384
"84855216660"	413
"84855216720"	349
"84855216780"	365
"84855216840"	376
"84855216900"	386
"84855216960"	366
"84855217020"	384
"84855217080"	358
"84855217140"	357
"84855217200"	337
"84855217260"	390
"84855217320"	390
"84855217380"	355
"84855217440"	394
"84855217500"	337
"84855217560"	383
"84855217620"	368
"84855217680"	385
"84855217740"	391
"84855217800"	386
"84855217860"	377
"84855217920"	385
"84855217980"	400
"84855218040"	360
"84855218100"	410
"84855218160"	341
"84855218220"	88
